[
  {
    "model": "app1.supabaseusermapping",
    "pk": 3,
    "fields": {
      "user": 20,
      "supabase_user_id": "9e921bb4-b7c4-4ccc-b17e-987207258869",
      "created_at": "2026-07-10T21:31:56.820Z"
    }
  },
  {
    "model": "app1.supabaseusermapping",
    "pk": 4,
    "fields": {
      "user": 21,
      "supabase_user_id": "08579d8e-3b7d-45b2-8e5e-c131b2663669",
      "created_at": "2026-07-10T21:38:04.174Z"
    }
  },
  {
    "model": "app1.supabaseusermapping",
    "pk": 5,
    "fields": {
      "user": 22,
      "supabase_user_id": "ceffc0bd-2f41-454a-a2e2-417c101cd471",
      "created_at": "2026-07-11T03:08:51.347Z"
    }
  },
  {
    "model": "app1.supabaseusermapping",
    "pk": 7,
    "fields": {
      "user": 24,
      "supabase_user_id": "2789dab9-71bb-4028-9746-17f5fa0693e6",
      "created_at": "2026-07-11T04:39:34.734Z"
    }
  },
  {
    "model": "app1.supabaseusermapping",
    "pk": 8,
    "fields": {
      "user": 25,
      "supabase_user_id": "2bbf3ec8-5ea7-4cc5-8da4-3b4863222c83",
      "created_at": "2026-07-11T04:40:09.334Z"
    }
  },
  {
    "model": "app1.company",
    "pk": 1,
    "fields": {
      "name": "TCS",
      "slug": "tcs",
      "logo": "company_logos/images_1.jpg",
      "description": "Tata Consultancy Services \u2014 India's largest IT services company.",
      "is_active": true
    }
  },
  {
    "model": "app1.company",
    "pk": 2,
    "fields": {
      "name": "Infosys",
      "slug": "infosys",
      "logo": "company_logos/images_3.png",
      "description": "Global leader in consulting, technology and outsourcing.",
      "is_active": true
    }
  },
  {
    "model": "app1.company",
    "pk": 3,
    "fields": {
      "name": "Wipro",
      "slug": "wipro",
      "logo": "company_logos/images_2.jpg",
      "description": "Leading technology services and consulting company.",
      "is_active": true
    }
  },
  {
    "model": "app1.company",
    "pk": 5,
    "fields": {
      "name": "Cognizant",
      "slug": "cognizant",
      "logo": "company_logos/images_1.png",
      "description": "Multinational IT services and consulting.",
      "is_active": true
    }
  },
  {
    "model": "app1.company",
    "pk": 6,
    "fields": {
      "name": "Capgemini",
      "slug": "capgemini",
      "logo": "company_logos/images.png",
      "description": "Global business and technology transformation partner.",
      "is_active": true
    }
  },
  {
    "model": "app1.company",
    "pk": 7,
    "fields": {
      "name": "EY",
      "slug": "ey",
      "logo": "company_logos/images_3.jpg",
      "description": "Shape the future with confidence",
      "is_active": true
    }
  },
  {
    "model": "app1.company",
    "pk": 8,
    "fields": {
      "name": "Accenture",
      "slug": "accenture",
      "logo": "company_logos/images_5.png",
      "description": "Let there be change",
      "is_active": true
    }
  },
  {
    "model": "app1.company",
    "pk": 9,
    "fields": {
      "name": "Cisco",
      "slug": "cisco",
      "logo": "company_logos/images_6.png",
      "description": "The bridge to possible",
      "is_active": true
    }
  },
  {
    "model": "app1.category",
    "pk": 1,
    "fields": {
      "name": "PYTHON",
      "image": "quiz_images/image_1_tXGsRdy.png"
    }
  },
  {
    "model": "app1.category",
    "pk": 2,
    "fields": {
      "name": "Java",
      "image": "quiz_images/java_binary_code_gears_programmi_x9dbUNR.png"
    }
  },
  {
    "model": "app1.category",
    "pk": 3,
    "fields": {
      "name": "C++",
      "image": "quiz_images/c-code-on-dark-background-600nw_B4TZT6e.png"
    }
  },
  {
    "model": "app1.category",
    "pk": 4,
    "fields": {
      "name": "Aptitude",
      "image": ""
    }
  },
  {
    "model": "app1.category",
    "pk": 5,
    "fields": {
      "name": "Reasoning",
      "image": ""
    }
  },
  {
    "model": "app1.category",
    "pk": 6,
    "fields": {
      "name": "English",
      "image": ""
    }
  },
  {
    "model": "app1.category",
    "pk": 7,
    "fields": {
      "name": "Coding",
      "image": ""
    }
  },
  {
    "model": "app1.category",
    "pk": 8,
    "fields": {
      "name": "Technical",
      "image": ""
    }
  },
  {
    "model": "app1.quiz",
    "pk": 7,
    "fields": {
      "title": "Aptitude Mock Test",
      "category": 4,
      "company": 1,
      "difficulty": "medium",
      "section": "aptitude",
      "duration_minutes": 30,
      "marks_per_question": "1.00",
      "negative_marks": "0.00",
      "target_question_count": 15,
      "drive_date": "2026-06-10",
      "status": "active",
      "created_at": "2026-06-06T18:41:10.352Z"
    }
  },
  {
    "model": "app1.quiz",
    "pk": 8,
    "fields": {
      "title": "Accenture \u2014 Aptitude (Medium) Practice",
      "category": 4,
      "company": null,
      "difficulty": "medium",
      "section": "aptitude",
      "duration_minutes": 30,
      "marks_per_question": "1.00",
      "negative_marks": "0.25",
      "target_question_count": 10,
      "drive_date": null,
      "status": "active",
      "created_at": "2026-06-06T18:57:33.171Z"
    }
  },
  {
    "model": "app1.quiz",
    "pk": 9,
    "fields": {
      "title": "Accenture \u2014 Reasoning (Medium) Practice",
      "category": 5,
      "company": null,
      "difficulty": "medium",
      "section": "reasoning",
      "duration_minutes": 30,
      "marks_per_question": "1.00",
      "negative_marks": "0.25",
      "target_question_count": 10,
      "drive_date": null,
      "status": "active",
      "created_at": "2026-06-06T18:57:38.959Z"
    }
  },
  {
    "model": "app1.quiz",
    "pk": 10,
    "fields": {
      "title": "Accenture \u2014 Aptitude (Easy) Practice",
      "category": 4,
      "company": null,
      "difficulty": "easy",
      "section": "aptitude",
      "duration_minutes": 30,
      "marks_per_question": "1.00",
      "negative_marks": "0.25",
      "target_question_count": 10,
      "drive_date": null,
      "status": "active",
      "created_at": "2026-06-06T18:58:18.720Z"
    }
  },
  {
    "model": "app1.quiz",
    "pk": 11,
    "fields": {
      "title": "Cognizant \u2014 Aptitude (Medium) Practice",
      "category": 4,
      "company": 5,
      "difficulty": "medium",
      "section": "aptitude",
      "duration_minutes": 30,
      "marks_per_question": "1.00",
      "negative_marks": "0.25",
      "target_question_count": 10,
      "drive_date": null,
      "status": "active",
      "created_at": "2026-06-06T19:14:52.196Z"
    }
  },
  {
    "model": "app1.quiz",
    "pk": 12,
    "fields": {
      "title": "TCS \u2014 Aptitude (Easy) Practice",
      "category": 4,
      "company": 1,
      "difficulty": "easy",
      "section": "aptitude",
      "duration_minutes": 30,
      "marks_per_question": "1.00",
      "negative_marks": "0.25",
      "target_question_count": 10,
      "drive_date": null,
      "status": "active",
      "created_at": "2026-06-06T19:22:23.399Z"
    }
  },
  {
    "model": "app1.quiz",
    "pk": 13,
    "fields": {
      "title": "Accenture \u2014 Aptitude (Hard) Practice",
      "category": 4,
      "company": null,
      "difficulty": "hard",
      "section": "aptitude",
      "duration_minutes": 30,
      "marks_per_question": "1.00",
      "negative_marks": "0.25",
      "target_question_count": 10,
      "drive_date": null,
      "status": "active",
      "created_at": "2026-07-10T16:46:57.413Z"
    }
  },
  {
    "model": "app1.quiz",
    "pk": 14,
    "fields": {
      "title": "Accenture \u2014 English (Medium) Practice",
      "category": 6,
      "company": null,
      "difficulty": "medium",
      "section": "english",
      "duration_minutes": 30,
      "marks_per_question": "1.00",
      "negative_marks": "0.25",
      "target_question_count": 10,
      "drive_date": null,
      "status": "active",
      "created_at": "2026-07-10T16:47:02.124Z"
    }
  },
  {
    "model": "app1.quiz",
    "pk": 15,
    "fields": {
      "title": "Accenture \u2014 Coding (Medium) Practice",
      "category": 7,
      "company": null,
      "difficulty": "medium",
      "section": "coding",
      "duration_minutes": 30,
      "marks_per_question": "1.00",
      "negative_marks": "0.25",
      "target_question_count": 10,
      "drive_date": null,
      "status": "active",
      "created_at": "2026-07-10T16:47:02.906Z"
    }
  },
  {
    "model": "app1.quiz",
    "pk": 16,
    "fields": {
      "title": "Accenture \u2014 Technical (Medium) Practice",
      "category": 8,
      "company": null,
      "difficulty": "medium",
      "section": "technical",
      "duration_minutes": 30,
      "marks_per_question": "1.00",
      "negative_marks": "0.25",
      "target_question_count": 10,
      "drive_date": null,
      "status": "active",
      "created_at": "2026-07-10T16:47:03.620Z"
    }
  },
  {
    "model": "app1.quiz",
    "pk": 17,
    "fields": {
      "title": "Capgemini \u2014 Aptitude (Medium) Practice",
      "category": 4,
      "company": 6,
      "difficulty": "medium",
      "section": "aptitude",
      "duration_minutes": 30,
      "marks_per_question": "1.00",
      "negative_marks": "0.25",
      "target_question_count": 10,
      "drive_date": null,
      "status": "active",
      "created_at": "2026-07-10T17:28:56.050Z"
    }
  },
  {
    "model": "app1.quiz",
    "pk": 18,
    "fields": {
      "title": "Infosys \u2014 Aptitude (Medium) Practice",
      "category": 4,
      "company": 2,
      "difficulty": "medium",
      "section": "aptitude",
      "duration_minutes": 30,
      "marks_per_question": "1.00",
      "negative_marks": "0.25",
      "target_question_count": 10,
      "drive_date": null,
      "status": "active",
      "created_at": "2026-07-10T17:31:49.815Z"
    }
  },
  {
    "model": "app1.quiz",
    "pk": 19,
    "fields": {
      "title": "Cognizant \u2014 Aptitude (Hard) Practice",
      "category": 4,
      "company": 5,
      "difficulty": "hard",
      "section": "aptitude",
      "duration_minutes": 30,
      "marks_per_question": "1.00",
      "negative_marks": "0.25",
      "target_question_count": 10,
      "drive_date": null,
      "status": "active",
      "created_at": "2026-07-10T18:49:18.533Z"
    }
  },
  {
    "model": "app1.quiz",
    "pk": 20,
    "fields": {
      "title": "Infosys \u2014 Aptitude (Easy) Practice",
      "category": 4,
      "company": 2,
      "difficulty": "easy",
      "section": "aptitude",
      "duration_minutes": 30,
      "marks_per_question": "1.00",
      "negative_marks": "0.25",
      "target_question_count": 10,
      "drive_date": null,
      "status": "active",
      "created_at": "2026-07-10T19:06:11.269Z"
    }
  },
  {
    "model": "app1.quiz",
    "pk": 21,
    "fields": {
      "title": "Capgemini \u2014 Aptitude (Easy) Practice",
      "category": 4,
      "company": 6,
      "difficulty": "easy",
      "section": "aptitude",
      "duration_minutes": 30,
      "marks_per_question": "1.00",
      "negative_marks": "0.25",
      "target_question_count": 10,
      "drive_date": null,
      "status": "active",
      "created_at": "2026-07-10T21:38:19.303Z"
    }
  },
  {
    "model": "app1.quiz",
    "pk": 22,
    "fields": {
      "title": "TCS NQT",
      "category": 4,
      "company": 1,
      "difficulty": "medium",
      "section": "aptitude",
      "duration_minutes": 30,
      "marks_per_question": "1.00",
      "negative_marks": "0.00",
      "target_question_count": 10,
      "drive_date": "2026-07-29",
      "status": "active",
      "created_at": "2026-07-10T21:44:46.641Z"
    }
  },
  {
    "model": "app1.quiz",
    "pk": 23,
    "fields": {
      "title": "Capgemini \u2014 Reasoning (Medium) Practice",
      "category": 5,
      "company": 6,
      "difficulty": "medium",
      "section": "reasoning",
      "duration_minutes": 30,
      "marks_per_question": "1.00",
      "negative_marks": "0.25",
      "target_question_count": 10,
      "drive_date": null,
      "status": "active",
      "created_at": "2026-07-11T04:54:18.363Z"
    }
  },
  {
    "model": "app1.quiz",
    "pk": 24,
    "fields": {
      "title": "Capgemini \u2014 Technical (Medium) Practice",
      "category": 8,
      "company": 6,
      "difficulty": "medium",
      "section": "technical",
      "duration_minutes": 30,
      "marks_per_question": "1.00",
      "negative_marks": "0.25",
      "target_question_count": 10,
      "drive_date": null,
      "status": "active",
      "created_at": "2026-07-11T04:54:20.929Z"
    }
  },
  {
    "model": "app1.quiz",
    "pk": 25,
    "fields": {
      "title": "Capgemini \u2014 Coding (Medium) Practice",
      "category": 7,
      "company": 6,
      "difficulty": "medium",
      "section": "coding",
      "duration_minutes": 30,
      "marks_per_question": "1.00",
      "negative_marks": "0.25",
      "target_question_count": 10,
      "drive_date": null,
      "status": "active",
      "created_at": "2026-07-11T04:54:26.283Z"
    }
  },
  {
    "model": "app1.question",
    "pk": 4,
    "fields": {
      "quiz": 7,
      "text": "[TCS - Medium] A train 180m long passes a pole in 9 seconds. Find its speed in km/h.",
      "explanation": "Speed = 180/9 = 20 m/s = 72 km/h (\u00d7 18/5).",
      "topic": "Speed & Distance",
      "ai_generated": true
    }
  },
  {
    "model": "app1.question",
    "pk": 5,
    "fields": {
      "quiz": 7,
      "text": "[Quantitative Aptitude] If A:B = 3:5 and B:C = 2:7, find A:C.",
      "explanation": "A:B:C = 6:10:35, so A:C = 6:35.",
      "topic": "Ratios",
      "ai_generated": true
    }
  },
  {
    "model": "app1.question",
    "pk": 6,
    "fields": {
      "quiz": 7,
      "text": "[TCS English] Choose the correct synonym of 'ABATE'.",
      "explanation": "Abate means to reduce or diminish.",
      "topic": "Vocabulary",
      "ai_generated": true
    }
  },
  {
    "model": "app1.question",
    "pk": 7,
    "fields": {
      "quiz": 7,
      "text": "[Quantitative Aptitude] What is the time complexity of binary search?",
      "explanation": "Binary search halves the search space each step \u2192 O(log n).",
      "topic": "Algorithms",
      "ai_generated": true
    }
  },
  {
    "model": "app1.question",
    "pk": 8,
    "fields": {
      "quiz": 7,
      "text": "[TCS Reasoning] Find the next number: 2, 6, 12, 20, ?",
      "explanation": "Differences: +4, +6, +8, +10 \u2192 next is 20+10=30.",
      "topic": "Number Series",
      "ai_generated": true
    }
  },
  {
    "model": "app1.question",
    "pk": 9,
    "fields": {
      "quiz": 7,
      "text": "[TCS - Medium] A train 180m long passes a pole in 9 seconds. Find its speed in km/h.",
      "explanation": "Speed = 180/9 = 20 m/s = 72 km/h (\u00d7 18/5).",
      "topic": "Speed & Distance",
      "ai_generated": true
    }
  },
  {
    "model": "app1.question",
    "pk": 10,
    "fields": {
      "quiz": 7,
      "text": "[Quantitative Aptitude] If A:B = 3:5 and B:C = 2:7, find A:C.",
      "explanation": "A:B:C = 6:10:35, so A:C = 6:35.",
      "topic": "Ratios",
      "ai_generated": true
    }
  },
  {
    "model": "app1.question",
    "pk": 11,
    "fields": {
      "quiz": 7,
      "text": "[TCS English] Choose the correct synonym of 'ABATE'.",
      "explanation": "Abate means to reduce or diminish.",
      "topic": "Vocabulary",
      "ai_generated": true
    }
  },
  {
    "model": "app1.question",
    "pk": 12,
    "fields": {
      "quiz": 7,
      "text": "[Quantitative Aptitude] What is the time complexity of binary search?",
      "explanation": "Binary search halves the search space each step \u2192 O(log n).",
      "topic": "Algorithms",
      "ai_generated": true
    }
  },
  {
    "model": "app1.question",
    "pk": 13,
    "fields": {
      "quiz": 7,
      "text": "[TCS Reasoning] Find the next number: 2, 6, 12, 20, ?",
      "explanation": "Differences: +4, +6, +8, +10 \u2192 next is 20+10=30.",
      "topic": "Number Series",
      "ai_generated": true
    }
  },
  {
    "model": "app1.question",
    "pk": 14,
    "fields": {
      "quiz": 7,
      "text": "[TCS - Medium] A train 180m long passes a pole in 9 seconds. Find its speed in km/h.",
      "explanation": "Speed = 180/9 = 20 m/s = 72 km/h (\u00d7 18/5).",
      "topic": "Speed & Distance",
      "ai_generated": true
    }
  },
  {
    "model": "app1.question",
    "pk": 15,
    "fields": {
      "quiz": 7,
      "text": "[Quantitative Aptitude] If A:B = 3:5 and B:C = 2:7, find A:C.",
      "explanation": "A:B:C = 6:10:35, so A:C = 6:35.",
      "topic": "Ratios",
      "ai_generated": true
    }
  },
  {
    "model": "app1.question",
    "pk": 16,
    "fields": {
      "quiz": 7,
      "text": "[TCS English] Choose the correct synonym of 'ABATE'.",
      "explanation": "Abate means to reduce or diminish.",
      "topic": "Vocabulary",
      "ai_generated": true
    }
  },
  {
    "model": "app1.question",
    "pk": 17,
    "fields": {
      "quiz": 7,
      "text": "[Quantitative Aptitude] What is the time complexity of binary search?",
      "explanation": "Binary search halves the search space each step \u2192 O(log n).",
      "topic": "Algorithms",
      "ai_generated": true
    }
  },
  {
    "model": "app1.question",
    "pk": 18,
    "fields": {
      "quiz": 7,
      "text": "[TCS Reasoning] Find the next number: 2, 6, 12, 20, ?",
      "explanation": "Differences: +4, +6, +8, +10 \u2192 next is 20+10=30.",
      "topic": "Number Series",
      "ai_generated": true
    }
  },
  {
    "model": "app1.question",
    "pk": 19,
    "fields": {
      "quiz": 8,
      "text": "Q1. A shopkeeper marks an article 40% above cost price and gives 10% discount. Profit % is?",
      "explanation": "MP = 140, SP = 140\u00d70.9 = 126 \u2192 profit 26% on CP 100. (standard placement level for Accenture.)",
      "topic": "Accenture \u2014 Profit & Loss",
      "ai_generated": true
    }
  },
  {
    "model": "app1.question",
    "pk": 20,
    "fields": {
      "quiz": 8,
      "text": "Q2. Pipe A fills a tank in 12 h, Pipe B in 18 h. Together they fill it in?",
      "explanation": "Combined rate 1/12 + 1/18 = 5/36 \u2192 time = 36/5 = 7.2 h. (standard placement level for Accenture.)",
      "topic": "Accenture \u2014 Time & Work",
      "ai_generated": true
    }
  },
  {
    "model": "app1.question",
    "pk": 21,
    "fields": {
      "quiz": 8,
      "text": "Q3. Average of 5 numbers is 27. If one number 35 is replaced by 15, new average is?",
      "explanation": "Sum drops by 20 \u2192 new sum 135-20=115 \u2192 avg 115/5=23. (standard placement level for Accenture.)",
      "topic": "Accenture \u2014 Averages",
      "ai_generated": true
    }
  },
  {
    "model": "app1.question",
    "pk": 22,
    "fields": {
      "quiz": 8,
      "text": "Q4. Simple interest on \u20b98000 at 5% for 3 years is?",
      "explanation": "SI = P\u00d7R\u00d7T/100 = 8000\u00d75\u00d73/100 = \u20b91200. (standard placement level for Accenture.)",
      "topic": "Accenture \u2014 Simple Interest",
      "ai_generated": true
    }
  },
  {
    "model": "app1.question",
    "pk": 23,
    "fields": {
      "quiz": 8,
      "text": "Q5. HCF of 36 and 84 is?",
      "explanation": "36=2\u00b2\u00d73\u00b2, 84=2\u00b2\u00d73\u00d77 \u2192 HCF = 2\u00b2\u00d73 = 12. (standard placement level for Accenture.)",
      "topic": "Accenture \u2014 HCF & LCM",
      "ai_generated": true
    }
  },
  {
    "model": "app1.question",
    "pk": 24,
    "fields": {
      "quiz": 9,
      "text": "Q1. If CLOUD is coded as DMPVE, how is RAIN coded?",
      "explanation": "Each letter +1: R\u2192S, A\u2192B, I\u2192J, N\u2192O. (standard placement level for Accenture.)",
      "topic": "Accenture \u2014 Coding-Decoding",
      "ai_generated": true
    }
  },
  {
    "model": "app1.question",
    "pk": 25,
    "fields": {
      "quiz": 9,
      "text": "Q2. Find the odd one out: Square, Triangle, Circle, Rectangle",
      "explanation": "Circle has no straight sides; others are polygons. (standard placement level for Accenture.)",
      "topic": "Accenture \u2014 Classification",
      "ai_generated": true
    }
  },
  {
    "model": "app1.question",
    "pk": 26,
    "fields": {
      "quiz": 9,
      "text": "Q3. A is taller than B. C is shorter than B. Who is shortest?",
      "explanation": "A > B > C \u2192 C is shortest. (standard placement level for Accenture.)",
      "topic": "Accenture \u2014 Ranking",
      "ai_generated": true
    }
  },
  {
    "model": "app1.question",
    "pk": 27,
    "fields": {
      "quiz": 9,
      "text": "Q4. Series: 3, 9, 27, 81, ?",
      "explanation": "Multiply by 3 each time \u2192 81\u00d73 = 243. (standard placement level for Accenture.)",
      "topic": "Accenture \u2014 Number Series",
      "ai_generated": true
    }
  },
  {
    "model": "app1.question",
    "pk": 28,
    "fields": {
      "quiz": 9,
      "text": "Q5. If South-East becomes North, North-East becomes West, what does South become?",
      "explanation": "135\u00b0 anti-clockwise rotation \u2192 South (180\u00b0) becomes North (0\u00b0). (standard placement level for Accenture.)",
      "topic": "Accenture \u2014 Direction Sense",
      "ai_generated": true
    }
  },
  {
    "model": "app1.question",
    "pk": 29,
    "fields": {
      "quiz": 10,
      "text": "Q1. A shopkeeper marks an article 40% above cost price and gives 10% discount. Profit % is?",
      "explanation": "MP = 140, SP = 140\u00d70.9 = 126 \u2192 profit 26% on CP 100. (straightforward level for Accenture.)",
      "topic": "Accenture \u2014 Profit & Loss",
      "ai_generated": true
    }
  },
  {
    "model": "app1.question",
    "pk": 30,
    "fields": {
      "quiz": 10,
      "text": "Q2. Pipe A fills a tank in 12 h, Pipe B in 18 h. Together they fill it in?",
      "explanation": "Combined rate 1/12 + 1/18 = 5/36 \u2192 time = 36/5 = 7.2 h. (straightforward level for Accenture.)",
      "topic": "Accenture \u2014 Time & Work",
      "ai_generated": true
    }
  },
  {
    "model": "app1.question",
    "pk": 31,
    "fields": {
      "quiz": 10,
      "text": "Q3. Average of 5 numbers is 27. If one number 35 is replaced by 15, new average is?",
      "explanation": "Sum drops by 20 \u2192 new sum 135-20=115 \u2192 avg 115/5=23. (straightforward level for Accenture.)",
      "topic": "Accenture \u2014 Averages",
      "ai_generated": true
    }
  },
  {
    "model": "app1.question",
    "pk": 32,
    "fields": {
      "quiz": 10,
      "text": "Q4. Simple interest on \u20b98000 at 5% for 3 years is?",
      "explanation": "SI = P\u00d7R\u00d7T/100 = 8000\u00d75\u00d73/100 = \u20b91200. (straightforward level for Accenture.)",
      "topic": "Accenture \u2014 Simple Interest",
      "ai_generated": true
    }
  },
  {
    "model": "app1.question",
    "pk": 33,
    "fields": {
      "quiz": 10,
      "text": "Q5. HCF of 36 and 84 is?",
      "explanation": "36=2\u00b2\u00d73\u00b2, 84=2\u00b2\u00d73\u00d77 \u2192 HCF = 2\u00b2\u00d73 = 12. (straightforward level for Accenture.)",
      "topic": "Accenture \u2014 HCF & LCM",
      "ai_generated": true
    }
  },
  {
    "model": "app1.question",
    "pk": 34,
    "fields": {
      "quiz": 11,
      "text": "Q1. A shopkeeper marks an article 40% above cost price and gives 10% discount. Profit % is?",
      "explanation": "MP = 140, SP = 140\u00d70.9 = 126 \u2192 profit 26% on CP 100. (standard placement level for Cognizant.)",
      "topic": "Cognizant \u2014 Profit & Loss",
      "ai_generated": true
    }
  },
  {
    "model": "app1.question",
    "pk": 35,
    "fields": {
      "quiz": 11,
      "text": "Q2. Pipe A fills a tank in 12 h, Pipe B in 18 h. Together they fill it in?",
      "explanation": "Combined rate 1/12 + 1/18 = 5/36 \u2192 time = 36/5 = 7.2 h. (standard placement level for Cognizant.)",
      "topic": "Cognizant \u2014 Time & Work",
      "ai_generated": true
    }
  },
  {
    "model": "app1.question",
    "pk": 36,
    "fields": {
      "quiz": 11,
      "text": "Q3. Average of 5 numbers is 27. If one number 35 is replaced by 15, new average is?",
      "explanation": "Sum drops by 20 \u2192 new sum 135-20=115 \u2192 avg 115/5=23. (standard placement level for Cognizant.)",
      "topic": "Cognizant \u2014 Averages",
      "ai_generated": true
    }
  },
  {
    "model": "app1.question",
    "pk": 37,
    "fields": {
      "quiz": 11,
      "text": "Q4. Simple interest on \u20b98000 at 5% for 3 years is?",
      "explanation": "SI = P\u00d7R\u00d7T/100 = 8000\u00d75\u00d73/100 = \u20b91200. (standard placement level for Cognizant.)",
      "topic": "Cognizant \u2014 Simple Interest",
      "ai_generated": true
    }
  },
  {
    "model": "app1.question",
    "pk": 38,
    "fields": {
      "quiz": 11,
      "text": "Q5. HCF of 36 and 84 is?",
      "explanation": "36=2\u00b2\u00d73\u00b2, 84=2\u00b2\u00d73\u00d77 \u2192 HCF = 2\u00b2\u00d73 = 12. (standard placement level for Cognizant.)",
      "topic": "Cognizant \u2014 HCF & LCM",
      "ai_generated": true
    }
  },
  {
    "model": "app1.question",
    "pk": 39,
    "fields": {
      "quiz": 12,
      "text": "Q1. A shopkeeper marks an article 40% above cost price and gives 10% discount. Profit % is?",
      "explanation": "MP = 140, SP = 140\u00d70.9 = 126 \u2192 profit 26% on CP 100. (straightforward level for TCS.)",
      "topic": "TCS \u2014 Profit & Loss",
      "ai_generated": true
    }
  },
  {
    "model": "app1.question",
    "pk": 40,
    "fields": {
      "quiz": 12,
      "text": "Q2. Pipe A fills a tank in 12 h, Pipe B in 18 h. Together they fill it in?",
      "explanation": "Combined rate 1/12 + 1/18 = 5/36 \u2192 time = 36/5 = 7.2 h. (straightforward level for TCS.)",
      "topic": "TCS \u2014 Time & Work",
      "ai_generated": true
    }
  },
  {
    "model": "app1.question",
    "pk": 41,
    "fields": {
      "quiz": 12,
      "text": "Q3. Average of 5 numbers is 27. If one number 35 is replaced by 15, new average is?",
      "explanation": "Sum drops by 20 \u2192 new sum 135-20=115 \u2192 avg 115/5=23. (straightforward level for TCS.)",
      "topic": "TCS \u2014 Averages",
      "ai_generated": true
    }
  },
  {
    "model": "app1.question",
    "pk": 42,
    "fields": {
      "quiz": 12,
      "text": "Q4. Simple interest on \u20b98000 at 5% for 3 years is?",
      "explanation": "SI = P\u00d7R\u00d7T/100 = 8000\u00d75\u00d73/100 = \u20b91200. (straightforward level for TCS.)",
      "topic": "TCS \u2014 Simple Interest",
      "ai_generated": true
    }
  },
  {
    "model": "app1.question",
    "pk": 43,
    "fields": {
      "quiz": 12,
      "text": "Q5. HCF of 36 and 84 is?",
      "explanation": "36=2\u00b2\u00d73\u00b2, 84=2\u00b2\u00d73\u00d77 \u2192 HCF = 2\u00b2\u00d73 = 12. (straightforward level for TCS.)",
      "topic": "TCS \u2014 HCF & LCM",
      "ai_generated": true
    }
  },
  {
    "model": "app1.question",
    "pk": 44,
    "fields": {
      "quiz": 13,
      "text": "Q1. A shopkeeper marks an article 40% above cost price and gives 10% discount. Profit % is?",
      "explanation": "MP = 140, SP = 140\u00d70.9 = 126 \u2192 profit 26% on CP 100. (challenging level for Accenture.)",
      "topic": "Accenture \u2014 Profit & Loss",
      "ai_generated": true
    }
  },
  {
    "model": "app1.question",
    "pk": 45,
    "fields": {
      "quiz": 13,
      "text": "Q2. Pipe A fills a tank in 12 h, Pipe B in 18 h. Together they fill it in?",
      "explanation": "Combined rate 1/12 + 1/18 = 5/36 \u2192 time = 36/5 = 7.2 h. (challenging level for Accenture.)",
      "topic": "Accenture \u2014 Time & Work",
      "ai_generated": true
    }
  },
  {
    "model": "app1.question",
    "pk": 46,
    "fields": {
      "quiz": 13,
      "text": "Q3. Average of 5 numbers is 27. If one number 35 is replaced by 15, new average is?",
      "explanation": "Sum drops by 20 \u2192 new sum 135-20=115 \u2192 avg 115/5=23. (challenging level for Accenture.)",
      "topic": "Accenture \u2014 Averages",
      "ai_generated": true
    }
  },
  {
    "model": "app1.question",
    "pk": 47,
    "fields": {
      "quiz": 13,
      "text": "Q4. Simple interest on \u20b98000 at 5% for 3 years is?",
      "explanation": "SI = P\u00d7R\u00d7T/100 = 8000\u00d75\u00d73/100 = \u20b91200. (challenging level for Accenture.)",
      "topic": "Accenture \u2014 Simple Interest",
      "ai_generated": true
    }
  },
  {
    "model": "app1.question",
    "pk": 48,
    "fields": {
      "quiz": 13,
      "text": "Q5. HCF of 36 and 84 is?",
      "explanation": "36=2\u00b2\u00d73\u00b2, 84=2\u00b2\u00d73\u00d77 \u2192 HCF = 2\u00b2\u00d73 = 12. (challenging level for Accenture.)",
      "topic": "Accenture \u2014 HCF & LCM",
      "ai_generated": true
    }
  },
  {
    "model": "app1.question",
    "pk": 49,
    "fields": {
      "quiz": 14,
      "text": "Q1. Choose the word nearest in meaning to 'PRAGMATIC'.",
      "explanation": "Pragmatic means practical and realistic. (standard placement level for Accenture.)",
      "topic": "Accenture \u2014 Synonyms",
      "ai_generated": true
    }
  },
  {
    "model": "app1.question",
    "pk": 50,
    "fields": {
      "quiz": 14,
      "text": "Q2. Fill in the blank: He abstained _____ voting in the election.",
      "explanation": "Correct phrase: abstain from (something). (standard placement level for Accenture.)",
      "topic": "Accenture \u2014 Prepositions",
      "ai_generated": true
    }
  },
  {
    "model": "app1.question",
    "pk": 51,
    "fields": {
      "quiz": 14,
      "text": "Q3. Identify the error: 'Each of the boys have submitted their forms.'",
      "explanation": "'Each' takes singular verb \u2192 'has submitted'. (standard placement level for Accenture.)",
      "topic": "Accenture \u2014 Grammar",
      "ai_generated": true
    }
  },
  {
    "model": "app1.question",
    "pk": 52,
    "fields": {
      "quiz": 14,
      "text": "Q4. Antonym of 'VERBOSE' is?",
      "explanation": "Verbose = using too many words; concise = brief. (standard placement level for Accenture.)",
      "topic": "Accenture \u2014 Antonyms",
      "ai_generated": true
    }
  },
  {
    "model": "app1.question",
    "pk": 53,
    "fields": {
      "quiz": 14,
      "text": "Q5. Rearrange meaning: P / nation / the / built / leaders / by / was / great",
      "explanation": "Correct sentence: The nation was built by great leaders. (standard placement level for Accenture.)",
      "topic": "Accenture \u2014 Para Jumbles",
      "ai_generated": true
    }
  },
  {
    "model": "app1.question",
    "pk": 54,
    "fields": {
      "quiz": 15,
      "text": "Q1. What is the output of: print(2 ** 3 ** 2)?",
      "explanation": "Exponent is right-associative: 2**(3**2) = 2^9 = 512. (standard placement level for Accenture.)",
      "topic": "Accenture \u2014 Python Operators",
      "ai_generated": true
    }
  },
  {
    "model": "app1.question",
    "pk": 55,
    "fields": {
      "quiz": 15,
      "text": "Q2. Which data structure uses FIFO order?",
      "explanation": "Queue: First In First Out. (standard placement level for Accenture.)",
      "topic": "Accenture \u2014 Data Structures",
      "ai_generated": true
    }
  },
  {
    "model": "app1.question",
    "pk": 56,
    "fields": {
      "quiz": 15,
      "text": "Q3. Time complexity of accessing an element in array by index?",
      "explanation": "Arrays allow O(1) random access by index. (standard placement level for Accenture.)",
      "topic": "Accenture \u2014 Complexity",
      "ai_generated": true
    }
  },
  {
    "model": "app1.question",
    "pk": 57,
    "fields": {
      "quiz": 15,
      "text": "Q4. Which keyword is used to define a constant in C?",
      "explanation": "C uses 'const' for read-only variables. (standard placement level for Accenture.)",
      "topic": "Accenture \u2014 C Programming",
      "ai_generated": true
    }
  },
  {
    "model": "app1.question",
    "pk": 58,
    "fields": {
      "quiz": 15,
      "text": "Q5. Output of: for(i=0;i<3;i++); printf('%d',i); in C?",
      "explanation": "Loop runs i=0,1,2 then i becomes 3 \u2192 prints 3. (standard placement level for Accenture.)",
      "topic": "Accenture \u2014 Loops",
      "ai_generated": true
    }
  },
  {
    "model": "app1.question",
    "pk": 59,
    "fields": {
      "quiz": 16,
      "text": "Q1. Which layer of OSI model handles routing?",
      "explanation": "Network layer (Layer 3) handles routing. (standard placement level for Accenture.)",
      "topic": "Accenture \u2014 Networking",
      "ai_generated": true
    }
  },
  {
    "model": "app1.question",
    "pk": 60,
    "fields": {
      "quiz": 16,
      "text": "Q2. Primary key in a database table must be?",
      "explanation": "Primary key uniquely identifies rows; cannot be NULL. (standard placement level for Accenture.)",
      "topic": "Accenture \u2014 DBMS",
      "ai_generated": true
    }
  },
  {
    "model": "app1.question",
    "pk": 61,
    "fields": {
      "quiz": 16,
      "text": "Q3. Deadlock occurs when processes are?",
      "explanation": "Circular wait for resources causes deadlock. (standard placement level for Accenture.)",
      "topic": "Accenture \u2014 Operating Systems",
      "ai_generated": true
    }
  },
  {
    "model": "app1.question",
    "pk": 62,
    "fields": {
      "quiz": 16,
      "text": "Q4. HTTP status code 404 means?",
      "explanation": "404 = requested resource not found. (standard placement level for Accenture.)",
      "topic": "Accenture \u2014 Web Technologies",
      "ai_generated": true
    }
  },
  {
    "model": "app1.question",
    "pk": 63,
    "fields": {
      "quiz": 16,
      "text": "Q5. In OOP, hiding internal details is called?",
      "explanation": "Encapsulation bundles data and hides implementation. (standard placement level for Accenture.)",
      "topic": "Accenture \u2014 OOP",
      "ai_generated": true
    }
  },
  {
    "model": "app1.question",
    "pk": 64,
    "fields": {
      "quiz": 17,
      "text": "Q1. A shopkeeper marks an article 40% above cost price and gives 10% discount. Profit % is?",
      "explanation": "MP = 140, SP = 140\u00d70.9 = 126 \u2192 profit 26% on CP 100. (standard placement level for Capgemini.)",
      "topic": "Capgemini \u2014 Profit & Loss",
      "ai_generated": true
    }
  },
  {
    "model": "app1.question",
    "pk": 65,
    "fields": {
      "quiz": 17,
      "text": "Q2. Pipe A fills a tank in 12 h, Pipe B in 18 h. Together they fill it in?",
      "explanation": "Combined rate 1/12 + 1/18 = 5/36 \u2192 time = 36/5 = 7.2 h. (standard placement level for Capgemini.)",
      "topic": "Capgemini \u2014 Time & Work",
      "ai_generated": true
    }
  },
  {
    "model": "app1.question",
    "pk": 66,
    "fields": {
      "quiz": 17,
      "text": "Q3. Average of 5 numbers is 27. If one number 35 is replaced by 15, new average is?",
      "explanation": "Sum drops by 20 \u2192 new sum 135-20=115 \u2192 avg 115/5=23. (standard placement level for Capgemini.)",
      "topic": "Capgemini \u2014 Averages",
      "ai_generated": true
    }
  },
  {
    "model": "app1.question",
    "pk": 67,
    "fields": {
      "quiz": 17,
      "text": "Q4. Simple interest on \u20b98000 at 5% for 3 years is?",
      "explanation": "SI = P\u00d7R\u00d7T/100 = 8000\u00d75\u00d73/100 = \u20b91200. (standard placement level for Capgemini.)",
      "topic": "Capgemini \u2014 Simple Interest",
      "ai_generated": true
    }
  },
  {
    "model": "app1.question",
    "pk": 68,
    "fields": {
      "quiz": 17,
      "text": "Q5. HCF of 36 and 84 is?",
      "explanation": "36=2\u00b2\u00d73\u00b2, 84=2\u00b2\u00d73\u00d77 \u2192 HCF = 2\u00b2\u00d73 = 12. (standard placement level for Capgemini.)",
      "topic": "Capgemini \u2014 HCF & LCM",
      "ai_generated": true
    }
  },
  {
    "model": "app1.question",
    "pk": 69,
    "fields": {
      "quiz": 18,
      "text": "Q1. A shopkeeper marks an article 40% above cost price and gives 10% discount. Profit % is?",
      "explanation": "MP = 140, SP = 140\u00d70.9 = 126 \u2192 profit 26% on CP 100. (standard placement level for Infosys.)",
      "topic": "Infosys \u2014 Profit & Loss",
      "ai_generated": true
    }
  },
  {
    "model": "app1.question",
    "pk": 70,
    "fields": {
      "quiz": 18,
      "text": "Q2. Pipe A fills a tank in 12 h, Pipe B in 18 h. Together they fill it in?",
      "explanation": "Combined rate 1/12 + 1/18 = 5/36 \u2192 time = 36/5 = 7.2 h. (standard placement level for Infosys.)",
      "topic": "Infosys \u2014 Time & Work",
      "ai_generated": true
    }
  },
  {
    "model": "app1.question",
    "pk": 71,
    "fields": {
      "quiz": 18,
      "text": "Q3. Average of 5 numbers is 27. If one number 35 is replaced by 15, new average is?",
      "explanation": "Sum drops by 20 \u2192 new sum 135-20=115 \u2192 avg 115/5=23. (standard placement level for Infosys.)",
      "topic": "Infosys \u2014 Averages",
      "ai_generated": true
    }
  },
  {
    "model": "app1.question",
    "pk": 72,
    "fields": {
      "quiz": 18,
      "text": "Q4. Simple interest on \u20b98000 at 5% for 3 years is?",
      "explanation": "SI = P\u00d7R\u00d7T/100 = 8000\u00d75\u00d73/100 = \u20b91200. (standard placement level for Infosys.)",
      "topic": "Infosys \u2014 Simple Interest",
      "ai_generated": true
    }
  },
  {
    "model": "app1.question",
    "pk": 73,
    "fields": {
      "quiz": 18,
      "text": "Q5. HCF of 36 and 84 is?",
      "explanation": "36=2\u00b2\u00d73\u00b2, 84=2\u00b2\u00d73\u00d77 \u2192 HCF = 2\u00b2\u00d73 = 12. (standard placement level for Infosys.)",
      "topic": "Infosys \u2014 HCF & LCM",
      "ai_generated": true
    }
  },
  {
    "model": "app1.question",
    "pk": 74,
    "fields": {
      "quiz": 19,
      "text": "Q1. A shopkeeper marks an article 40% above cost price and gives 10% discount. Profit % is?",
      "explanation": "MP = 140, SP = 140\u00d70.9 = 126 \u2192 profit 26% on CP 100. (challenging level for Cognizant.)",
      "topic": "Cognizant \u2014 Profit & Loss",
      "ai_generated": true
    }
  },
  {
    "model": "app1.question",
    "pk": 75,
    "fields": {
      "quiz": 19,
      "text": "Q2. Pipe A fills a tank in 12 h, Pipe B in 18 h. Together they fill it in?",
      "explanation": "Combined rate 1/12 + 1/18 = 5/36 \u2192 time = 36/5 = 7.2 h. (challenging level for Cognizant.)",
      "topic": "Cognizant \u2014 Time & Work",
      "ai_generated": true
    }
  },
  {
    "model": "app1.question",
    "pk": 76,
    "fields": {
      "quiz": 19,
      "text": "Q3. Average of 5 numbers is 27. If one number 35 is replaced by 15, new average is?",
      "explanation": "Sum drops by 20 \u2192 new sum 135-20=115 \u2192 avg 115/5=23. (challenging level for Cognizant.)",
      "topic": "Cognizant \u2014 Averages",
      "ai_generated": true
    }
  },
  {
    "model": "app1.question",
    "pk": 77,
    "fields": {
      "quiz": 19,
      "text": "Q4. Simple interest on \u20b98000 at 5% for 3 years is?",
      "explanation": "SI = P\u00d7R\u00d7T/100 = 8000\u00d75\u00d73/100 = \u20b91200. (challenging level for Cognizant.)",
      "topic": "Cognizant \u2014 Simple Interest",
      "ai_generated": true
    }
  },
  {
    "model": "app1.question",
    "pk": 78,
    "fields": {
      "quiz": 19,
      "text": "Q5. HCF of 36 and 84 is?",
      "explanation": "36=2\u00b2\u00d73\u00b2, 84=2\u00b2\u00d73\u00d77 \u2192 HCF = 2\u00b2\u00d73 = 12. (challenging level for Cognizant.)",
      "topic": "Cognizant \u2014 HCF & LCM",
      "ai_generated": true
    }
  },
  {
    "model": "app1.question",
    "pk": 79,
    "fields": {
      "quiz": 20,
      "text": "Q1. A shopkeeper marks an article 40% above cost price and gives 10% discount. Profit % is?",
      "explanation": "MP = 140, SP = 140\u00d70.9 = 126 \u2192 profit 26% on CP 100. (straightforward level for Infosys.)",
      "topic": "Infosys \u2014 Profit & Loss",
      "ai_generated": true
    }
  },
  {
    "model": "app1.question",
    "pk": 80,
    "fields": {
      "quiz": 20,
      "text": "Q2. Pipe A fills a tank in 12 h, Pipe B in 18 h. Together they fill it in?",
      "explanation": "Combined rate 1/12 + 1/18 = 5/36 \u2192 time = 36/5 = 7.2 h. (straightforward level for Infosys.)",
      "topic": "Infosys \u2014 Time & Work",
      "ai_generated": true
    }
  },
  {
    "model": "app1.question",
    "pk": 81,
    "fields": {
      "quiz": 20,
      "text": "Q3. Average of 5 numbers is 27. If one number 35 is replaced by 15, new average is?",
      "explanation": "Sum drops by 20 \u2192 new sum 135-20=115 \u2192 avg 115/5=23. (straightforward level for Infosys.)",
      "topic": "Infosys \u2014 Averages",
      "ai_generated": true
    }
  },
  {
    "model": "app1.question",
    "pk": 82,
    "fields": {
      "quiz": 20,
      "text": "Q4. Simple interest on \u20b98000 at 5% for 3 years is?",
      "explanation": "SI = P\u00d7R\u00d7T/100 = 8000\u00d75\u00d73/100 = \u20b91200. (straightforward level for Infosys.)",
      "topic": "Infosys \u2014 Simple Interest",
      "ai_generated": true
    }
  },
  {
    "model": "app1.question",
    "pk": 83,
    "fields": {
      "quiz": 20,
      "text": "Q5. HCF of 36 and 84 is?",
      "explanation": "36=2\u00b2\u00d73\u00b2, 84=2\u00b2\u00d73\u00d77 \u2192 HCF = 2\u00b2\u00d73 = 12. (straightforward level for Infosys.)",
      "topic": "Infosys \u2014 HCF & LCM",
      "ai_generated": true
    }
  },
  {
    "model": "app1.question",
    "pk": 84,
    "fields": {
      "quiz": 20,
      "text": "Q6. A shopkeeper marks an article 40% above cost price and gives 10% discount. Profit % is?",
      "explanation": "MP = 140, SP = 140\u00d70.9 = 126 \u2192 profit 26% on CP 100. (straightforward level for Infosys.)",
      "topic": "Infosys \u2014 Profit & Loss",
      "ai_generated": true
    }
  },
  {
    "model": "app1.question",
    "pk": 85,
    "fields": {
      "quiz": 20,
      "text": "Q7. Pipe A fills a tank in 12 h, Pipe B in 18 h. Together they fill it in?",
      "explanation": "Combined rate 1/12 + 1/18 = 5/36 \u2192 time = 36/5 = 7.2 h. (straightforward level for Infosys.)",
      "topic": "Infosys \u2014 Time & Work",
      "ai_generated": true
    }
  },
  {
    "model": "app1.question",
    "pk": 86,
    "fields": {
      "quiz": 20,
      "text": "Q8. Average of 5 numbers is 27. If one number 35 is replaced by 15, new average is?",
      "explanation": "Sum drops by 20 \u2192 new sum 135-20=115 \u2192 avg 115/5=23. (straightforward level for Infosys.)",
      "topic": "Infosys \u2014 Averages",
      "ai_generated": true
    }
  },
  {
    "model": "app1.question",
    "pk": 87,
    "fields": {
      "quiz": 20,
      "text": "Q9. Simple interest on \u20b98000 at 5% for 3 years is?",
      "explanation": "SI = P\u00d7R\u00d7T/100 = 8000\u00d75\u00d73/100 = \u20b91200. (straightforward level for Infosys.)",
      "topic": "Infosys \u2014 Simple Interest",
      "ai_generated": true
    }
  },
  {
    "model": "app1.question",
    "pk": 88,
    "fields": {
      "quiz": 20,
      "text": "Q10. HCF of 36 and 84 is?",
      "explanation": "36=2\u00b2\u00d73\u00b2, 84=2\u00b2\u00d73\u00d77 \u2192 HCF = 2\u00b2\u00d73 = 12. (straightforward level for Infosys.)",
      "topic": "Infosys \u2014 HCF & LCM",
      "ai_generated": true
    }
  },
  {
    "model": "app1.question",
    "pk": 89,
    "fields": {
      "quiz": 20,
      "text": "Q11. A shopkeeper marks an article 40% above cost price and gives 10% discount. Profit % is?",
      "explanation": "MP = 140, SP = 140\u00d70.9 = 126 \u2192 profit 26% on CP 100. (straightforward level for Infosys.)",
      "topic": "Infosys \u2014 Profit & Loss",
      "ai_generated": true
    }
  },
  {
    "model": "app1.question",
    "pk": 90,
    "fields": {
      "quiz": 20,
      "text": "Q12. Pipe A fills a tank in 12 h, Pipe B in 18 h. Together they fill it in?",
      "explanation": "Combined rate 1/12 + 1/18 = 5/36 \u2192 time = 36/5 = 7.2 h. (straightforward level for Infosys.)",
      "topic": "Infosys \u2014 Time & Work",
      "ai_generated": true
    }
  },
  {
    "model": "app1.question",
    "pk": 91,
    "fields": {
      "quiz": 20,
      "text": "Q13. Average of 5 numbers is 27. If one number 35 is replaced by 15, new average is?",
      "explanation": "Sum drops by 20 \u2192 new sum 135-20=115 \u2192 avg 115/5=23. (straightforward level for Infosys.)",
      "topic": "Infosys \u2014 Averages",
      "ai_generated": true
    }
  },
  {
    "model": "app1.question",
    "pk": 92,
    "fields": {
      "quiz": 20,
      "text": "Q14. Simple interest on \u20b98000 at 5% for 3 years is?",
      "explanation": "SI = P\u00d7R\u00d7T/100 = 8000\u00d75\u00d73/100 = \u20b91200. (straightforward level for Infosys.)",
      "topic": "Infosys \u2014 Simple Interest",
      "ai_generated": true
    }
  },
  {
    "model": "app1.question",
    "pk": 93,
    "fields": {
      "quiz": 20,
      "text": "Q15. HCF of 36 and 84 is?",
      "explanation": "36=2\u00b2\u00d73\u00b2, 84=2\u00b2\u00d73\u00d77 \u2192 HCF = 2\u00b2\u00d73 = 12. (straightforward level for Infosys.)",
      "topic": "Infosys \u2014 HCF & LCM",
      "ai_generated": true
    }
  },
  {
    "model": "app1.question",
    "pk": 94,
    "fields": {
      "quiz": 21,
      "text": "Q1. A shopkeeper marks an article 40% above cost price and gives 10% discount. Profit % is?",
      "explanation": "MP = 140, SP = 140\u00d70.9 = 126 \u2192 profit 26% on CP 100. (straightforward level for Capgemini.)",
      "topic": "Capgemini \u2014 Profit & Loss",
      "ai_generated": true
    }
  },
  {
    "model": "app1.question",
    "pk": 95,
    "fields": {
      "quiz": 21,
      "text": "Q2. Pipe A fills a tank in 12 h, Pipe B in 18 h. Together they fill it in?",
      "explanation": "Combined rate 1/12 + 1/18 = 5/36 \u2192 time = 36/5 = 7.2 h. (straightforward level for Capgemini.)",
      "topic": "Capgemini \u2014 Time & Work",
      "ai_generated": true
    }
  },
  {
    "model": "app1.question",
    "pk": 96,
    "fields": {
      "quiz": 21,
      "text": "Q3. Average of 5 numbers is 27. If one number 35 is replaced by 15, new average is?",
      "explanation": "Sum drops by 20 \u2192 new sum 135-20=115 \u2192 avg 115/5=23. (straightforward level for Capgemini.)",
      "topic": "Capgemini \u2014 Averages",
      "ai_generated": true
    }
  },
  {
    "model": "app1.question",
    "pk": 97,
    "fields": {
      "quiz": 21,
      "text": "Q4. Simple interest on \u20b98000 at 5% for 3 years is?",
      "explanation": "SI = P\u00d7R\u00d7T/100 = 8000\u00d75\u00d73/100 = \u20b91200. (straightforward level for Capgemini.)",
      "topic": "Capgemini \u2014 Simple Interest",
      "ai_generated": true
    }
  },
  {
    "model": "app1.question",
    "pk": 98,
    "fields": {
      "quiz": 21,
      "text": "Q5. HCF of 36 and 84 is?",
      "explanation": "36=2\u00b2\u00d73\u00b2, 84=2\u00b2\u00d73\u00d77 \u2192 HCF = 2\u00b2\u00d73 = 12. (straightforward level for Capgemini.)",
      "topic": "Capgemini \u2014 HCF & LCM",
      "ai_generated": true
    }
  },
  {
    "model": "app1.question",
    "pk": 99,
    "fields": {
      "quiz": 22,
      "text": "Q1. A shopkeeper marks an article 40% above cost price and gives 10% discount. Profit % is?",
      "explanation": "MP = 140, SP = 140\u00d70.9 = 126 \u2192 profit 26% on CP 100. (standard placement level for TCS.)",
      "topic": "TCS \u2014 Profit & Loss",
      "ai_generated": true
    }
  },
  {
    "model": "app1.question",
    "pk": 100,
    "fields": {
      "quiz": 22,
      "text": "Q2. Pipe A fills a tank in 12 h, Pipe B in 18 h. Together they fill it in?",
      "explanation": "Combined rate 1/12 + 1/18 = 5/36 \u2192 time = 36/5 = 7.2 h. (standard placement level for TCS.)",
      "topic": "TCS \u2014 Time & Work",
      "ai_generated": true
    }
  },
  {
    "model": "app1.question",
    "pk": 101,
    "fields": {
      "quiz": 22,
      "text": "Q3. Average of 5 numbers is 27. If one number 35 is replaced by 15, new average is?",
      "explanation": "Sum drops by 20 \u2192 new sum 135-20=115 \u2192 avg 115/5=23. (standard placement level for TCS.)",
      "topic": "TCS \u2014 Averages",
      "ai_generated": true
    }
  },
  {
    "model": "app1.question",
    "pk": 102,
    "fields": {
      "quiz": 22,
      "text": "Q4. Simple interest on \u20b98000 at 5% for 3 years is?",
      "explanation": "SI = P\u00d7R\u00d7T/100 = 8000\u00d75\u00d73/100 = \u20b91200. (standard placement level for TCS.)",
      "topic": "TCS \u2014 Simple Interest",
      "ai_generated": true
    }
  },
  {
    "model": "app1.question",
    "pk": 103,
    "fields": {
      "quiz": 22,
      "text": "Q5. HCF of 36 and 84 is?",
      "explanation": "36=2\u00b2\u00d73\u00b2, 84=2\u00b2\u00d73\u00d77 \u2192 HCF = 2\u00b2\u00d73 = 12. (standard placement level for TCS.)",
      "topic": "TCS \u2014 HCF & LCM",
      "ai_generated": true
    }
  },
  {
    "model": "app1.question",
    "pk": 104,
    "fields": {
      "quiz": 23,
      "text": "Q1. If CLOUD is coded as DMPVE, how is RAIN coded?",
      "explanation": "Each letter +1: R\u2192S, A\u2192B, I\u2192J, N\u2192O. (standard placement level for Capgemini.)",
      "topic": "Capgemini \u2014 Coding-Decoding",
      "ai_generated": true
    }
  },
  {
    "model": "app1.question",
    "pk": 105,
    "fields": {
      "quiz": 23,
      "text": "Q2. Find the odd one out: Square, Triangle, Circle, Rectangle",
      "explanation": "Circle has no straight sides; others are polygons. (standard placement level for Capgemini.)",
      "topic": "Capgemini \u2014 Classification",
      "ai_generated": true
    }
  },
  {
    "model": "app1.question",
    "pk": 106,
    "fields": {
      "quiz": 23,
      "text": "Q3. A is taller than B. C is shorter than B. Who is shortest?",
      "explanation": "A > B > C \u2192 C is shortest. (standard placement level for Capgemini.)",
      "topic": "Capgemini \u2014 Ranking",
      "ai_generated": true
    }
  },
  {
    "model": "app1.question",
    "pk": 107,
    "fields": {
      "quiz": 23,
      "text": "Q4. Series: 3, 9, 27, 81, ?",
      "explanation": "Multiply by 3 each time \u2192 81\u00d73 = 243. (standard placement level for Capgemini.)",
      "topic": "Capgemini \u2014 Number Series",
      "ai_generated": true
    }
  },
  {
    "model": "app1.question",
    "pk": 108,
    "fields": {
      "quiz": 23,
      "text": "Q5. If South-East becomes North, North-East becomes West, what does South become?",
      "explanation": "135\u00b0 anti-clockwise rotation \u2192 South (180\u00b0) becomes North (0\u00b0). (standard placement level for Capgemini.)",
      "topic": "Capgemini \u2014 Direction Sense",
      "ai_generated": true
    }
  },
  {
    "model": "app1.question",
    "pk": 109,
    "fields": {
      "quiz": 24,
      "text": "Q1. Which layer of OSI model handles routing?",
      "explanation": "Network layer (Layer 3) handles routing. (standard placement level for Capgemini.)",
      "topic": "Capgemini \u2014 Networking",
      "ai_generated": true
    }
  },
  {
    "model": "app1.question",
    "pk": 110,
    "fields": {
      "quiz": 24,
      "text": "Q2. Primary key in a database table must be?",
      "explanation": "Primary key uniquely identifies rows; cannot be NULL. (standard placement level for Capgemini.)",
      "topic": "Capgemini \u2014 DBMS",
      "ai_generated": true
    }
  },
  {
    "model": "app1.question",
    "pk": 111,
    "fields": {
      "quiz": 24,
      "text": "Q3. Deadlock occurs when processes are?",
      "explanation": "Circular wait for resources causes deadlock. (standard placement level for Capgemini.)",
      "topic": "Capgemini \u2014 Operating Systems",
      "ai_generated": true
    }
  },
  {
    "model": "app1.question",
    "pk": 112,
    "fields": {
      "quiz": 24,
      "text": "Q4. HTTP status code 404 means?",
      "explanation": "404 = requested resource not found. (standard placement level for Capgemini.)",
      "topic": "Capgemini \u2014 Web Technologies",
      "ai_generated": true
    }
  },
  {
    "model": "app1.question",
    "pk": 113,
    "fields": {
      "quiz": 24,
      "text": "Q5. In OOP, hiding internal details is called?",
      "explanation": "Encapsulation bundles data and hides implementation. (standard placement level for Capgemini.)",
      "topic": "Capgemini \u2014 OOP",
      "ai_generated": true
    }
  },
  {
    "model": "app1.question",
    "pk": 114,
    "fields": {
      "quiz": 25,
      "text": "Q1. What is the output of: print(2 ** 3 ** 2)?",
      "explanation": "Exponent is right-associative: 2**(3**2) = 2^9 = 512. (standard placement level for Capgemini.)",
      "topic": "Capgemini \u2014 Python Operators",
      "ai_generated": true
    }
  },
  {
    "model": "app1.question",
    "pk": 115,
    "fields": {
      "quiz": 25,
      "text": "Q2. Which data structure uses FIFO order?",
      "explanation": "Queue: First In First Out. (standard placement level for Capgemini.)",
      "topic": "Capgemini \u2014 Data Structures",
      "ai_generated": true
    }
  },
  {
    "model": "app1.question",
    "pk": 116,
    "fields": {
      "quiz": 25,
      "text": "Q3. Time complexity of accessing an element in array by index?",
      "explanation": "Arrays allow O(1) random access by index. (standard placement level for Capgemini.)",
      "topic": "Capgemini \u2014 Complexity",
      "ai_generated": true
    }
  },
  {
    "model": "app1.question",
    "pk": 117,
    "fields": {
      "quiz": 25,
      "text": "Q4. Which keyword is used to define a constant in C?",
      "explanation": "C uses 'const' for read-only variables. (standard placement level for Capgemini.)",
      "topic": "Capgemini \u2014 C Programming",
      "ai_generated": true
    }
  },
  {
    "model": "app1.question",
    "pk": 118,
    "fields": {
      "quiz": 25,
      "text": "Q5. Output of: for(i=0;i<3;i++); printf('%d',i); in C?",
      "explanation": "Loop runs i=0,1,2 then i becomes 3 \u2192 prints 3. (standard placement level for Capgemini.)",
      "topic": "Capgemini \u2014 Loops",
      "ai_generated": true
    }
  },
  {
    "model": "app1.option",
    "pk": 13,
    "fields": {
      "question": 4,
      "text": "60 km/h",
      "is_correct": false
    }
  },
  {
    "model": "app1.option",
    "pk": 14,
    "fields": {
      "question": 4,
      "text": "72 km/h",
      "is_correct": true
    }
  },
  {
    "model": "app1.option",
    "pk": 15,
    "fields": {
      "question": 4,
      "text": "80 km/h",
      "is_correct": false
    }
  },
  {
    "model": "app1.option",
    "pk": 16,
    "fields": {
      "question": 4,
      "text": "90 km/h",
      "is_correct": false
    }
  },
  {
    "model": "app1.option",
    "pk": 17,
    "fields": {
      "question": 5,
      "text": "6:35",
      "is_correct": true
    }
  },
  {
    "model": "app1.option",
    "pk": 18,
    "fields": {
      "question": 5,
      "text": "3:7",
      "is_correct": false
    }
  },
  {
    "model": "app1.option",
    "pk": 19,
    "fields": {
      "question": 5,
      "text": "5:14",
      "is_correct": false
    }
  },
  {
    "model": "app1.option",
    "pk": 20,
    "fields": {
      "question": 5,
      "text": "2:5",
      "is_correct": false
    }
  },
  {
    "model": "app1.option",
    "pk": 21,
    "fields": {
      "question": 6,
      "text": "Increase",
      "is_correct": false
    }
  },
  {
    "model": "app1.option",
    "pk": 22,
    "fields": {
      "question": 6,
      "text": "Diminish",
      "is_correct": true
    }
  },
  {
    "model": "app1.option",
    "pk": 23,
    "fields": {
      "question": 6,
      "text": "Ignore",
      "is_correct": false
    }
  },
  {
    "model": "app1.option",
    "pk": 24,
    "fields": {
      "question": 6,
      "text": "Accept",
      "is_correct": false
    }
  },
  {
    "model": "app1.option",
    "pk": 25,
    "fields": {
      "question": 7,
      "text": "O(n)",
      "is_correct": false
    }
  },
  {
    "model": "app1.option",
    "pk": 26,
    "fields": {
      "question": 7,
      "text": "O(log n)",
      "is_correct": true
    }
  },
  {
    "model": "app1.option",
    "pk": 27,
    "fields": {
      "question": 7,
      "text": "O(n log n)",
      "is_correct": false
    }
  },
  {
    "model": "app1.option",
    "pk": 28,
    "fields": {
      "question": 7,
      "text": "O(1)",
      "is_correct": false
    }
  },
  {
    "model": "app1.option",
    "pk": 29,
    "fields": {
      "question": 8,
      "text": "28",
      "is_correct": false
    }
  },
  {
    "model": "app1.option",
    "pk": 30,
    "fields": {
      "question": 8,
      "text": "30",
      "is_correct": true
    }
  },
  {
    "model": "app1.option",
    "pk": 31,
    "fields": {
      "question": 8,
      "text": "32",
      "is_correct": false
    }
  },
  {
    "model": "app1.option",
    "pk": 32,
    "fields": {
      "question": 8,
      "text": "36",
      "is_correct": false
    }
  },
  {
    "model": "app1.option",
    "pk": 33,
    "fields": {
      "question": 9,
      "text": "60 km/h",
      "is_correct": false
    }
  },
  {
    "model": "app1.option",
    "pk": 34,
    "fields": {
      "question": 9,
      "text": "72 km/h",
      "is_correct": true
    }
  },
  {
    "model": "app1.option",
    "pk": 35,
    "fields": {
      "question": 9,
      "text": "80 km/h",
      "is_correct": false
    }
  },
  {
    "model": "app1.option",
    "pk": 36,
    "fields": {
      "question": 9,
      "text": "90 km/h",
      "is_correct": false
    }
  },
  {
    "model": "app1.option",
    "pk": 37,
    "fields": {
      "question": 10,
      "text": "6:35",
      "is_correct": true
    }
  },
  {
    "model": "app1.option",
    "pk": 38,
    "fields": {
      "question": 10,
      "text": "3:7",
      "is_correct": false
    }
  },
  {
    "model": "app1.option",
    "pk": 39,
    "fields": {
      "question": 10,
      "text": "5:14",
      "is_correct": false
    }
  },
  {
    "model": "app1.option",
    "pk": 40,
    "fields": {
      "question": 10,
      "text": "2:5",
      "is_correct": false
    }
  },
  {
    "model": "app1.option",
    "pk": 41,
    "fields": {
      "question": 11,
      "text": "Increase",
      "is_correct": false
    }
  },
  {
    "model": "app1.option",
    "pk": 42,
    "fields": {
      "question": 11,
      "text": "Diminish",
      "is_correct": true
    }
  },
  {
    "model": "app1.option",
    "pk": 43,
    "fields": {
      "question": 11,
      "text": "Ignore",
      "is_correct": false
    }
  },
  {
    "model": "app1.option",
    "pk": 44,
    "fields": {
      "question": 11,
      "text": "Accept",
      "is_correct": false
    }
  },
  {
    "model": "app1.option",
    "pk": 45,
    "fields": {
      "question": 12,
      "text": "O(n)",
      "is_correct": false
    }
  },
  {
    "model": "app1.option",
    "pk": 46,
    "fields": {
      "question": 12,
      "text": "O(log n)",
      "is_correct": true
    }
  },
  {
    "model": "app1.option",
    "pk": 47,
    "fields": {
      "question": 12,
      "text": "O(n log n)",
      "is_correct": false
    }
  },
  {
    "model": "app1.option",
    "pk": 48,
    "fields": {
      "question": 12,
      "text": "O(1)",
      "is_correct": false
    }
  },
  {
    "model": "app1.option",
    "pk": 49,
    "fields": {
      "question": 13,
      "text": "28",
      "is_correct": false
    }
  },
  {
    "model": "app1.option",
    "pk": 50,
    "fields": {
      "question": 13,
      "text": "30",
      "is_correct": true
    }
  },
  {
    "model": "app1.option",
    "pk": 51,
    "fields": {
      "question": 13,
      "text": "32",
      "is_correct": false
    }
  },
  {
    "model": "app1.option",
    "pk": 52,
    "fields": {
      "question": 13,
      "text": "36",
      "is_correct": false
    }
  },
  {
    "model": "app1.option",
    "pk": 53,
    "fields": {
      "question": 14,
      "text": "60 km/h",
      "is_correct": false
    }
  },
  {
    "model": "app1.option",
    "pk": 54,
    "fields": {
      "question": 14,
      "text": "72 km/h",
      "is_correct": true
    }
  },
  {
    "model": "app1.option",
    "pk": 55,
    "fields": {
      "question": 14,
      "text": "80 km/h",
      "is_correct": false
    }
  },
  {
    "model": "app1.option",
    "pk": 56,
    "fields": {
      "question": 14,
      "text": "90 km/h",
      "is_correct": false
    }
  },
  {
    "model": "app1.option",
    "pk": 57,
    "fields": {
      "question": 15,
      "text": "6:35",
      "is_correct": true
    }
  },
  {
    "model": "app1.option",
    "pk": 58,
    "fields": {
      "question": 15,
      "text": "3:7",
      "is_correct": false
    }
  },
  {
    "model": "app1.option",
    "pk": 59,
    "fields": {
      "question": 15,
      "text": "5:14",
      "is_correct": false
    }
  },
  {
    "model": "app1.option",
    "pk": 60,
    "fields": {
      "question": 15,
      "text": "2:5",
      "is_correct": false
    }
  },
  {
    "model": "app1.option",
    "pk": 61,
    "fields": {
      "question": 16,
      "text": "Increase",
      "is_correct": false
    }
  },
  {
    "model": "app1.option",
    "pk": 62,
    "fields": {
      "question": 16,
      "text": "Diminish",
      "is_correct": true
    }
  },
  {
    "model": "app1.option",
    "pk": 63,
    "fields": {
      "question": 16,
      "text": "Ignore",
      "is_correct": false
    }
  },
  {
    "model": "app1.option",
    "pk": 64,
    "fields": {
      "question": 16,
      "text": "Accept",
      "is_correct": false
    }
  },
  {
    "model": "app1.option",
    "pk": 65,
    "fields": {
      "question": 17,
      "text": "O(n)",
      "is_correct": false
    }
  },
  {
    "model": "app1.option",
    "pk": 66,
    "fields": {
      "question": 17,
      "text": "O(log n)",
      "is_correct": true
    }
  },
  {
    "model": "app1.option",
    "pk": 67,
    "fields": {
      "question": 17,
      "text": "O(n log n)",
      "is_correct": false
    }
  },
  {
    "model": "app1.option",
    "pk": 68,
    "fields": {
      "question": 17,
      "text": "O(1)",
      "is_correct": false
    }
  },
  {
    "model": "app1.option",
    "pk": 69,
    "fields": {
      "question": 18,
      "text": "28",
      "is_correct": false
    }
  },
  {
    "model": "app1.option",
    "pk": 70,
    "fields": {
      "question": 18,
      "text": "30",
      "is_correct": true
    }
  },
  {
    "model": "app1.option",
    "pk": 71,
    "fields": {
      "question": 18,
      "text": "32",
      "is_correct": false
    }
  },
  {
    "model": "app1.option",
    "pk": 72,
    "fields": {
      "question": 18,
      "text": "36",
      "is_correct": false
    }
  },
  {
    "model": "app1.option",
    "pk": 73,
    "fields": {
      "question": 19,
      "text": "26%",
      "is_correct": true
    }
  },
  {
    "model": "app1.option",
    "pk": 74,
    "fields": {
      "question": 19,
      "text": "30%",
      "is_correct": false
    }
  },
  {
    "model": "app1.option",
    "pk": 75,
    "fields": {
      "question": 19,
      "text": "36%",
      "is_correct": false
    }
  },
  {
    "model": "app1.option",
    "pk": 76,
    "fields": {
      "question": 19,
      "text": "40%",
      "is_correct": false
    }
  },
  {
    "model": "app1.option",
    "pk": 77,
    "fields": {
      "question": 20,
      "text": "7.2 h",
      "is_correct": true
    }
  },
  {
    "model": "app1.option",
    "pk": 78,
    "fields": {
      "question": 20,
      "text": "8 h",
      "is_correct": false
    }
  },
  {
    "model": "app1.option",
    "pk": 79,
    "fields": {
      "question": 20,
      "text": "9 h",
      "is_correct": false
    }
  },
  {
    "model": "app1.option",
    "pk": 80,
    "fields": {
      "question": 20,
      "text": "10 h",
      "is_correct": false
    }
  },
  {
    "model": "app1.option",
    "pk": 81,
    "fields": {
      "question": 21,
      "text": "23",
      "is_correct": true
    }
  },
  {
    "model": "app1.option",
    "pk": 82,
    "fields": {
      "question": 21,
      "text": "25",
      "is_correct": false
    }
  },
  {
    "model": "app1.option",
    "pk": 83,
    "fields": {
      "question": 21,
      "text": "27",
      "is_correct": false
    }
  },
  {
    "model": "app1.option",
    "pk": 84,
    "fields": {
      "question": 21,
      "text": "29",
      "is_correct": false
    }
  },
  {
    "model": "app1.option",
    "pk": 85,
    "fields": {
      "question": 22,
      "text": "\u20b91000",
      "is_correct": false
    }
  },
  {
    "model": "app1.option",
    "pk": 86,
    "fields": {
      "question": 22,
      "text": "\u20b91200",
      "is_correct": true
    }
  },
  {
    "model": "app1.option",
    "pk": 87,
    "fields": {
      "question": 22,
      "text": "\u20b91400",
      "is_correct": false
    }
  },
  {
    "model": "app1.option",
    "pk": 88,
    "fields": {
      "question": 22,
      "text": "\u20b91600",
      "is_correct": false
    }
  },
  {
    "model": "app1.option",
    "pk": 89,
    "fields": {
      "question": 23,
      "text": "6",
      "is_correct": false
    }
  },
  {
    "model": "app1.option",
    "pk": 90,
    "fields": {
      "question": 23,
      "text": "12",
      "is_correct": true
    }
  },
  {
    "model": "app1.option",
    "pk": 91,
    "fields": {
      "question": 23,
      "text": "18",
      "is_correct": false
    }
  },
  {
    "model": "app1.option",
    "pk": 92,
    "fields": {
      "question": 23,
      "text": "24",
      "is_correct": false
    }
  },
  {
    "model": "app1.option",
    "pk": 93,
    "fields": {
      "question": 24,
      "text": "SBJO",
      "is_correct": true
    }
  },
  {
    "model": "app1.option",
    "pk": 94,
    "fields": {
      "question": 24,
      "text": "QZHM",
      "is_correct": false
    }
  },
  {
    "model": "app1.option",
    "pk": 95,
    "fields": {
      "question": 24,
      "text": "SBKO",
      "is_correct": false
    }
  },
  {
    "model": "app1.option",
    "pk": 96,
    "fields": {
      "question": 24,
      "text": "TCKP",
      "is_correct": false
    }
  },
  {
    "model": "app1.option",
    "pk": 97,
    "fields": {
      "question": 25,
      "text": "Square",
      "is_correct": false
    }
  },
  {
    "model": "app1.option",
    "pk": 98,
    "fields": {
      "question": 25,
      "text": "Triangle",
      "is_correct": false
    }
  },
  {
    "model": "app1.option",
    "pk": 99,
    "fields": {
      "question": 25,
      "text": "Circle",
      "is_correct": true
    }
  },
  {
    "model": "app1.option",
    "pk": 100,
    "fields": {
      "question": 25,
      "text": "Rectangle",
      "is_correct": false
    }
  },
  {
    "model": "app1.option",
    "pk": 101,
    "fields": {
      "question": 26,
      "text": "A",
      "is_correct": false
    }
  },
  {
    "model": "app1.option",
    "pk": 102,
    "fields": {
      "question": 26,
      "text": "B",
      "is_correct": false
    }
  },
  {
    "model": "app1.option",
    "pk": 103,
    "fields": {
      "question": 26,
      "text": "C",
      "is_correct": true
    }
  },
  {
    "model": "app1.option",
    "pk": 104,
    "fields": {
      "question": 26,
      "text": "Cannot say",
      "is_correct": false
    }
  },
  {
    "model": "app1.option",
    "pk": 105,
    "fields": {
      "question": 27,
      "text": "162",
      "is_correct": false
    }
  },
  {
    "model": "app1.option",
    "pk": 106,
    "fields": {
      "question": 27,
      "text": "243",
      "is_correct": true
    }
  },
  {
    "model": "app1.option",
    "pk": 107,
    "fields": {
      "question": 27,
      "text": "324",
      "is_correct": false
    }
  },
  {
    "model": "app1.option",
    "pk": 108,
    "fields": {
      "question": 27,
      "text": "108",
      "is_correct": false
    }
  },
  {
    "model": "app1.option",
    "pk": 109,
    "fields": {
      "question": 28,
      "text": "North",
      "is_correct": true
    }
  },
  {
    "model": "app1.option",
    "pk": 110,
    "fields": {
      "question": 28,
      "text": "East",
      "is_correct": false
    }
  },
  {
    "model": "app1.option",
    "pk": 111,
    "fields": {
      "question": 28,
      "text": "West",
      "is_correct": false
    }
  },
  {
    "model": "app1.option",
    "pk": 112,
    "fields": {
      "question": 28,
      "text": "North-West",
      "is_correct": false
    }
  },
  {
    "model": "app1.option",
    "pk": 113,
    "fields": {
      "question": 29,
      "text": "26%",
      "is_correct": true
    }
  },
  {
    "model": "app1.option",
    "pk": 114,
    "fields": {
      "question": 29,
      "text": "30%",
      "is_correct": false
    }
  },
  {
    "model": "app1.option",
    "pk": 115,
    "fields": {
      "question": 29,
      "text": "36%",
      "is_correct": false
    }
  },
  {
    "model": "app1.option",
    "pk": 116,
    "fields": {
      "question": 29,
      "text": "40%",
      "is_correct": false
    }
  },
  {
    "model": "app1.option",
    "pk": 117,
    "fields": {
      "question": 30,
      "text": "7.2 h",
      "is_correct": true
    }
  },
  {
    "model": "app1.option",
    "pk": 118,
    "fields": {
      "question": 30,
      "text": "8 h",
      "is_correct": false
    }
  },
  {
    "model": "app1.option",
    "pk": 119,
    "fields": {
      "question": 30,
      "text": "9 h",
      "is_correct": false
    }
  },
  {
    "model": "app1.option",
    "pk": 120,
    "fields": {
      "question": 30,
      "text": "10 h",
      "is_correct": false
    }
  },
  {
    "model": "app1.option",
    "pk": 121,
    "fields": {
      "question": 31,
      "text": "23",
      "is_correct": true
    }
  },
  {
    "model": "app1.option",
    "pk": 122,
    "fields": {
      "question": 31,
      "text": "25",
      "is_correct": false
    }
  },
  {
    "model": "app1.option",
    "pk": 123,
    "fields": {
      "question": 31,
      "text": "27",
      "is_correct": false
    }
  },
  {
    "model": "app1.option",
    "pk": 124,
    "fields": {
      "question": 31,
      "text": "29",
      "is_correct": false
    }
  },
  {
    "model": "app1.option",
    "pk": 125,
    "fields": {
      "question": 32,
      "text": "\u20b91000",
      "is_correct": false
    }
  },
  {
    "model": "app1.option",
    "pk": 126,
    "fields": {
      "question": 32,
      "text": "\u20b91200",
      "is_correct": true
    }
  },
  {
    "model": "app1.option",
    "pk": 127,
    "fields": {
      "question": 32,
      "text": "\u20b91400",
      "is_correct": false
    }
  },
  {
    "model": "app1.option",
    "pk": 128,
    "fields": {
      "question": 32,
      "text": "\u20b91600",
      "is_correct": false
    }
  },
  {
    "model": "app1.option",
    "pk": 129,
    "fields": {
      "question": 33,
      "text": "6",
      "is_correct": false
    }
  },
  {
    "model": "app1.option",
    "pk": 130,
    "fields": {
      "question": 33,
      "text": "12",
      "is_correct": true
    }
  },
  {
    "model": "app1.option",
    "pk": 131,
    "fields": {
      "question": 33,
      "text": "18",
      "is_correct": false
    }
  },
  {
    "model": "app1.option",
    "pk": 132,
    "fields": {
      "question": 33,
      "text": "24",
      "is_correct": false
    }
  },
  {
    "model": "app1.option",
    "pk": 133,
    "fields": {
      "question": 34,
      "text": "26%",
      "is_correct": true
    }
  },
  {
    "model": "app1.option",
    "pk": 134,
    "fields": {
      "question": 34,
      "text": "30%",
      "is_correct": false
    }
  },
  {
    "model": "app1.option",
    "pk": 135,
    "fields": {
      "question": 34,
      "text": "36%",
      "is_correct": false
    }
  },
  {
    "model": "app1.option",
    "pk": 136,
    "fields": {
      "question": 34,
      "text": "40%",
      "is_correct": false
    }
  },
  {
    "model": "app1.option",
    "pk": 137,
    "fields": {
      "question": 35,
      "text": "7.2 h",
      "is_correct": true
    }
  },
  {
    "model": "app1.option",
    "pk": 138,
    "fields": {
      "question": 35,
      "text": "8 h",
      "is_correct": false
    }
  },
  {
    "model": "app1.option",
    "pk": 139,
    "fields": {
      "question": 35,
      "text": "9 h",
      "is_correct": false
    }
  },
  {
    "model": "app1.option",
    "pk": 140,
    "fields": {
      "question": 35,
      "text": "10 h",
      "is_correct": false
    }
  },
  {
    "model": "app1.option",
    "pk": 141,
    "fields": {
      "question": 36,
      "text": "23",
      "is_correct": true
    }
  },
  {
    "model": "app1.option",
    "pk": 142,
    "fields": {
      "question": 36,
      "text": "25",
      "is_correct": false
    }
  },
  {
    "model": "app1.option",
    "pk": 143,
    "fields": {
      "question": 36,
      "text": "27",
      "is_correct": false
    }
  },
  {
    "model": "app1.option",
    "pk": 144,
    "fields": {
      "question": 36,
      "text": "29",
      "is_correct": false
    }
  },
  {
    "model": "app1.option",
    "pk": 145,
    "fields": {
      "question": 37,
      "text": "\u20b91000",
      "is_correct": false
    }
  },
  {
    "model": "app1.option",
    "pk": 146,
    "fields": {
      "question": 37,
      "text": "\u20b91200",
      "is_correct": true
    }
  },
  {
    "model": "app1.option",
    "pk": 147,
    "fields": {
      "question": 37,
      "text": "\u20b91400",
      "is_correct": false
    }
  },
  {
    "model": "app1.option",
    "pk": 148,
    "fields": {
      "question": 37,
      "text": "\u20b91600",
      "is_correct": false
    }
  },
  {
    "model": "app1.option",
    "pk": 149,
    "fields": {
      "question": 38,
      "text": "6",
      "is_correct": false
    }
  },
  {
    "model": "app1.option",
    "pk": 150,
    "fields": {
      "question": 38,
      "text": "12",
      "is_correct": true
    }
  },
  {
    "model": "app1.option",
    "pk": 151,
    "fields": {
      "question": 38,
      "text": "18",
      "is_correct": false
    }
  },
  {
    "model": "app1.option",
    "pk": 152,
    "fields": {
      "question": 38,
      "text": "24",
      "is_correct": false
    }
  },
  {
    "model": "app1.option",
    "pk": 153,
    "fields": {
      "question": 39,
      "text": "26%",
      "is_correct": true
    }
  },
  {
    "model": "app1.option",
    "pk": 154,
    "fields": {
      "question": 39,
      "text": "30%",
      "is_correct": false
    }
  },
  {
    "model": "app1.option",
    "pk": 155,
    "fields": {
      "question": 39,
      "text": "36%",
      "is_correct": false
    }
  },
  {
    "model": "app1.option",
    "pk": 156,
    "fields": {
      "question": 39,
      "text": "40%",
      "is_correct": false
    }
  },
  {
    "model": "app1.option",
    "pk": 157,
    "fields": {
      "question": 40,
      "text": "7.2 h",
      "is_correct": true
    }
  },
  {
    "model": "app1.option",
    "pk": 158,
    "fields": {
      "question": 40,
      "text": "8 h",
      "is_correct": false
    }
  },
  {
    "model": "app1.option",
    "pk": 159,
    "fields": {
      "question": 40,
      "text": "9 h",
      "is_correct": false
    }
  },
  {
    "model": "app1.option",
    "pk": 160,
    "fields": {
      "question": 40,
      "text": "10 h",
      "is_correct": false
    }
  },
  {
    "model": "app1.option",
    "pk": 161,
    "fields": {
      "question": 41,
      "text": "23",
      "is_correct": true
    }
  },
  {
    "model": "app1.option",
    "pk": 162,
    "fields": {
      "question": 41,
      "text": "25",
      "is_correct": false
    }
  },
  {
    "model": "app1.option",
    "pk": 163,
    "fields": {
      "question": 41,
      "text": "27",
      "is_correct": false
    }
  },
  {
    "model": "app1.option",
    "pk": 164,
    "fields": {
      "question": 41,
      "text": "29",
      "is_correct": false
    }
  },
  {
    "model": "app1.option",
    "pk": 165,
    "fields": {
      "question": 42,
      "text": "\u20b91000",
      "is_correct": false
    }
  },
  {
    "model": "app1.option",
    "pk": 166,
    "fields": {
      "question": 42,
      "text": "\u20b91200",
      "is_correct": true
    }
  },
  {
    "model": "app1.option",
    "pk": 167,
    "fields": {
      "question": 42,
      "text": "\u20b91400",
      "is_correct": false
    }
  },
  {
    "model": "app1.option",
    "pk": 168,
    "fields": {
      "question": 42,
      "text": "\u20b91600",
      "is_correct": false
    }
  },
  {
    "model": "app1.option",
    "pk": 169,
    "fields": {
      "question": 43,
      "text": "6",
      "is_correct": false
    }
  },
  {
    "model": "app1.option",
    "pk": 170,
    "fields": {
      "question": 43,
      "text": "12",
      "is_correct": true
    }
  },
  {
    "model": "app1.option",
    "pk": 171,
    "fields": {
      "question": 43,
      "text": "18",
      "is_correct": false
    }
  },
  {
    "model": "app1.option",
    "pk": 172,
    "fields": {
      "question": 43,
      "text": "24",
      "is_correct": false
    }
  },
  {
    "model": "app1.option",
    "pk": 173,
    "fields": {
      "question": 44,
      "text": "26%",
      "is_correct": true
    }
  },
  {
    "model": "app1.option",
    "pk": 174,
    "fields": {
      "question": 44,
      "text": "30%",
      "is_correct": false
    }
  },
  {
    "model": "app1.option",
    "pk": 175,
    "fields": {
      "question": 44,
      "text": "36%",
      "is_correct": false
    }
  },
  {
    "model": "app1.option",
    "pk": 176,
    "fields": {
      "question": 44,
      "text": "40%",
      "is_correct": false
    }
  },
  {
    "model": "app1.option",
    "pk": 177,
    "fields": {
      "question": 45,
      "text": "7.2 h",
      "is_correct": true
    }
  },
  {
    "model": "app1.option",
    "pk": 178,
    "fields": {
      "question": 45,
      "text": "8 h",
      "is_correct": false
    }
  },
  {
    "model": "app1.option",
    "pk": 179,
    "fields": {
      "question": 45,
      "text": "9 h",
      "is_correct": false
    }
  },
  {
    "model": "app1.option",
    "pk": 180,
    "fields": {
      "question": 45,
      "text": "10 h",
      "is_correct": false
    }
  },
  {
    "model": "app1.option",
    "pk": 181,
    "fields": {
      "question": 46,
      "text": "23",
      "is_correct": true
    }
  },
  {
    "model": "app1.option",
    "pk": 182,
    "fields": {
      "question": 46,
      "text": "25",
      "is_correct": false
    }
  },
  {
    "model": "app1.option",
    "pk": 183,
    "fields": {
      "question": 46,
      "text": "27",
      "is_correct": false
    }
  },
  {
    "model": "app1.option",
    "pk": 184,
    "fields": {
      "question": 46,
      "text": "29",
      "is_correct": false
    }
  },
  {
    "model": "app1.option",
    "pk": 185,
    "fields": {
      "question": 47,
      "text": "\u20b91000",
      "is_correct": false
    }
  },
  {
    "model": "app1.option",
    "pk": 186,
    "fields": {
      "question": 47,
      "text": "\u20b91200",
      "is_correct": true
    }
  },
  {
    "model": "app1.option",
    "pk": 187,
    "fields": {
      "question": 47,
      "text": "\u20b91400",
      "is_correct": false
    }
  },
  {
    "model": "app1.option",
    "pk": 188,
    "fields": {
      "question": 47,
      "text": "\u20b91600",
      "is_correct": false
    }
  },
  {
    "model": "app1.option",
    "pk": 189,
    "fields": {
      "question": 48,
      "text": "6",
      "is_correct": false
    }
  },
  {
    "model": "app1.option",
    "pk": 190,
    "fields": {
      "question": 48,
      "text": "12",
      "is_correct": true
    }
  },
  {
    "model": "app1.option",
    "pk": 191,
    "fields": {
      "question": 48,
      "text": "18",
      "is_correct": false
    }
  },
  {
    "model": "app1.option",
    "pk": 192,
    "fields": {
      "question": 48,
      "text": "24",
      "is_correct": false
    }
  },
  {
    "model": "app1.option",
    "pk": 193,
    "fields": {
      "question": 49,
      "text": "Idealistic",
      "is_correct": false
    }
  },
  {
    "model": "app1.option",
    "pk": 194,
    "fields": {
      "question": 49,
      "text": "Practical",
      "is_correct": true
    }
  },
  {
    "model": "app1.option",
    "pk": 195,
    "fields": {
      "question": 49,
      "text": "Aggressive",
      "is_correct": false
    }
  },
  {
    "model": "app1.option",
    "pk": 196,
    "fields": {
      "question": 49,
      "text": "Lazy",
      "is_correct": false
    }
  },
  {
    "model": "app1.option",
    "pk": 197,
    "fields": {
      "question": 50,
      "text": "from",
      "is_correct": true
    }
  },
  {
    "model": "app1.option",
    "pk": 198,
    "fields": {
      "question": 50,
      "text": "for",
      "is_correct": false
    }
  },
  {
    "model": "app1.option",
    "pk": 199,
    "fields": {
      "question": 50,
      "text": "to",
      "is_correct": false
    }
  },
  {
    "model": "app1.option",
    "pk": 200,
    "fields": {
      "question": 50,
      "text": "with",
      "is_correct": false
    }
  },
  {
    "model": "app1.option",
    "pk": 201,
    "fields": {
      "question": 51,
      "text": "Each of the boys",
      "is_correct": false
    }
  },
  {
    "model": "app1.option",
    "pk": 202,
    "fields": {
      "question": 51,
      "text": "have submitted",
      "is_correct": true
    }
  },
  {
    "model": "app1.option",
    "pk": 203,
    "fields": {
      "question": 51,
      "text": "their forms",
      "is_correct": false
    }
  },
  {
    "model": "app1.option",
    "pk": 204,
    "fields": {
      "question": 51,
      "text": "No error",
      "is_correct": false
    }
  },
  {
    "model": "app1.option",
    "pk": 205,
    "fields": {
      "question": 52,
      "text": "Talkative",
      "is_correct": false
    }
  },
  {
    "model": "app1.option",
    "pk": 206,
    "fields": {
      "question": 52,
      "text": "Concise",
      "is_correct": true
    }
  },
  {
    "model": "app1.option",
    "pk": 207,
    "fields": {
      "question": 52,
      "text": "Lengthy",
      "is_correct": false
    }
  },
  {
    "model": "app1.option",
    "pk": 208,
    "fields": {
      "question": 52,
      "text": "Wordy",
      "is_correct": false
    }
  },
  {
    "model": "app1.option",
    "pk": 209,
    "fields": {
      "question": 53,
      "text": "The nation was built by great leaders",
      "is_correct": true
    }
  },
  {
    "model": "app1.option",
    "pk": 210,
    "fields": {
      "question": 53,
      "text": "Great leaders was built the nation",
      "is_correct": false
    }
  },
  {
    "model": "app1.option",
    "pk": 211,
    "fields": {
      "question": 53,
      "text": "The great nation built by leaders",
      "is_correct": false
    }
  },
  {
    "model": "app1.option",
    "pk": 212,
    "fields": {
      "question": 53,
      "text": "Leaders built nation the great",
      "is_correct": false
    }
  },
  {
    "model": "app1.option",
    "pk": 213,
    "fields": {
      "question": 54,
      "text": "64",
      "is_correct": false
    }
  },
  {
    "model": "app1.option",
    "pk": 214,
    "fields": {
      "question": 54,
      "text": "512",
      "is_correct": true
    }
  },
  {
    "model": "app1.option",
    "pk": 215,
    "fields": {
      "question": 54,
      "text": "256",
      "is_correct": false
    }
  },
  {
    "model": "app1.option",
    "pk": 216,
    "fields": {
      "question": 54,
      "text": "128",
      "is_correct": false
    }
  },
  {
    "model": "app1.option",
    "pk": 217,
    "fields": {
      "question": 55,
      "text": "Stack",
      "is_correct": false
    }
  },
  {
    "model": "app1.option",
    "pk": 218,
    "fields": {
      "question": 55,
      "text": "Queue",
      "is_correct": true
    }
  },
  {
    "model": "app1.option",
    "pk": 219,
    "fields": {
      "question": 55,
      "text": "Tree",
      "is_correct": false
    }
  },
  {
    "model": "app1.option",
    "pk": 220,
    "fields": {
      "question": 55,
      "text": "Graph",
      "is_correct": false
    }
  },
  {
    "model": "app1.option",
    "pk": 221,
    "fields": {
      "question": 56,
      "text": "O(1)",
      "is_correct": true
    }
  },
  {
    "model": "app1.option",
    "pk": 222,
    "fields": {
      "question": 56,
      "text": "O(log n)",
      "is_correct": false
    }
  },
  {
    "model": "app1.option",
    "pk": 223,
    "fields": {
      "question": 56,
      "text": "O(n)",
      "is_correct": false
    }
  },
  {
    "model": "app1.option",
    "pk": 224,
    "fields": {
      "question": 56,
      "text": "O(n log n)",
      "is_correct": false
    }
  },
  {
    "model": "app1.option",
    "pk": 225,
    "fields": {
      "question": 57,
      "text": "const",
      "is_correct": true
    }
  },
  {
    "model": "app1.option",
    "pk": 226,
    "fields": {
      "question": 57,
      "text": "static",
      "is_correct": false
    }
  },
  {
    "model": "app1.option",
    "pk": 227,
    "fields": {
      "question": 57,
      "text": "final",
      "is_correct": false
    }
  },
  {
    "model": "app1.option",
    "pk": 228,
    "fields": {
      "question": 57,
      "text": "define only",
      "is_correct": false
    }
  },
  {
    "model": "app1.option",
    "pk": 229,
    "fields": {
      "question": 58,
      "text": "012",
      "is_correct": false
    }
  },
  {
    "model": "app1.option",
    "pk": 230,
    "fields": {
      "question": 58,
      "text": "3",
      "is_correct": true
    }
  },
  {
    "model": "app1.option",
    "pk": 231,
    "fields": {
      "question": 58,
      "text": "2",
      "is_correct": false
    }
  },
  {
    "model": "app1.option",
    "pk": 232,
    "fields": {
      "question": 58,
      "text": "123",
      "is_correct": false
    }
  },
  {
    "model": "app1.option",
    "pk": 233,
    "fields": {
      "question": 59,
      "text": "Data Link",
      "is_correct": false
    }
  },
  {
    "model": "app1.option",
    "pk": 234,
    "fields": {
      "question": 59,
      "text": "Network",
      "is_correct": true
    }
  },
  {
    "model": "app1.option",
    "pk": 235,
    "fields": {
      "question": 59,
      "text": "Transport",
      "is_correct": false
    }
  },
  {
    "model": "app1.option",
    "pk": 236,
    "fields": {
      "question": 59,
      "text": "Session",
      "is_correct": false
    }
  },
  {
    "model": "app1.option",
    "pk": 237,
    "fields": {
      "question": 60,
      "text": "Nullable",
      "is_correct": false
    }
  },
  {
    "model": "app1.option",
    "pk": 238,
    "fields": {
      "question": 60,
      "text": "Unique & Not Null",
      "is_correct": true
    }
  },
  {
    "model": "app1.option",
    "pk": 239,
    "fields": {
      "question": 60,
      "text": "Duplicate allowed",
      "is_correct": false
    }
  },
  {
    "model": "app1.option",
    "pk": 240,
    "fields": {
      "question": 60,
      "text": "Optional",
      "is_correct": false
    }
  },
  {
    "model": "app1.option",
    "pk": 241,
    "fields": {
      "question": 61,
      "text": "Waiting for CPU only",
      "is_correct": false
    }
  },
  {
    "model": "app1.option",
    "pk": 242,
    "fields": {
      "question": 61,
      "text": "Waiting for each other's resources",
      "is_correct": true
    }
  },
  {
    "model": "app1.option",
    "pk": 243,
    "fields": {
      "question": 61,
      "text": "Terminated",
      "is_correct": false
    }
  },
  {
    "model": "app1.option",
    "pk": 244,
    "fields": {
      "question": 61,
      "text": "In ready queue",
      "is_correct": false
    }
  },
  {
    "model": "app1.option",
    "pk": 245,
    "fields": {
      "question": 62,
      "text": "OK",
      "is_correct": false
    }
  },
  {
    "model": "app1.option",
    "pk": 246,
    "fields": {
      "question": 62,
      "text": "Forbidden",
      "is_correct": false
    }
  },
  {
    "model": "app1.option",
    "pk": 247,
    "fields": {
      "question": 62,
      "text": "Not Found",
      "is_correct": true
    }
  },
  {
    "model": "app1.option",
    "pk": 248,
    "fields": {
      "question": 62,
      "text": "Server Error",
      "is_correct": false
    }
  },
  {
    "model": "app1.option",
    "pk": 249,
    "fields": {
      "question": 63,
      "text": "Inheritance",
      "is_correct": false
    }
  },
  {
    "model": "app1.option",
    "pk": 250,
    "fields": {
      "question": 63,
      "text": "Polymorphism",
      "is_correct": false
    }
  },
  {
    "model": "app1.option",
    "pk": 251,
    "fields": {
      "question": 63,
      "text": "Encapsulation",
      "is_correct": true
    }
  },
  {
    "model": "app1.option",
    "pk": 252,
    "fields": {
      "question": 63,
      "text": "Abstraction only",
      "is_correct": false
    }
  },
  {
    "model": "app1.option",
    "pk": 253,
    "fields": {
      "question": 64,
      "text": "26%",
      "is_correct": true
    }
  },
  {
    "model": "app1.option",
    "pk": 254,
    "fields": {
      "question": 64,
      "text": "30%",
      "is_correct": false
    }
  },
  {
    "model": "app1.option",
    "pk": 255,
    "fields": {
      "question": 64,
      "text": "36%",
      "is_correct": false
    }
  },
  {
    "model": "app1.option",
    "pk": 256,
    "fields": {
      "question": 64,
      "text": "40%",
      "is_correct": false
    }
  },
  {
    "model": "app1.option",
    "pk": 257,
    "fields": {
      "question": 65,
      "text": "7.2 h",
      "is_correct": true
    }
  },
  {
    "model": "app1.option",
    "pk": 258,
    "fields": {
      "question": 65,
      "text": "8 h",
      "is_correct": false
    }
  },
  {
    "model": "app1.option",
    "pk": 259,
    "fields": {
      "question": 65,
      "text": "9 h",
      "is_correct": false
    }
  },
  {
    "model": "app1.option",
    "pk": 260,
    "fields": {
      "question": 65,
      "text": "10 h",
      "is_correct": false
    }
  },
  {
    "model": "app1.option",
    "pk": 261,
    "fields": {
      "question": 66,
      "text": "23",
      "is_correct": true
    }
  },
  {
    "model": "app1.option",
    "pk": 262,
    "fields": {
      "question": 66,
      "text": "25",
      "is_correct": false
    }
  },
  {
    "model": "app1.option",
    "pk": 263,
    "fields": {
      "question": 66,
      "text": "27",
      "is_correct": false
    }
  },
  {
    "model": "app1.option",
    "pk": 264,
    "fields": {
      "question": 66,
      "text": "29",
      "is_correct": false
    }
  },
  {
    "model": "app1.option",
    "pk": 265,
    "fields": {
      "question": 67,
      "text": "\u20b91000",
      "is_correct": false
    }
  },
  {
    "model": "app1.option",
    "pk": 266,
    "fields": {
      "question": 67,
      "text": "\u20b91200",
      "is_correct": true
    }
  },
  {
    "model": "app1.option",
    "pk": 267,
    "fields": {
      "question": 67,
      "text": "\u20b91400",
      "is_correct": false
    }
  },
  {
    "model": "app1.option",
    "pk": 268,
    "fields": {
      "question": 67,
      "text": "\u20b91600",
      "is_correct": false
    }
  },
  {
    "model": "app1.option",
    "pk": 269,
    "fields": {
      "question": 68,
      "text": "6",
      "is_correct": false
    }
  },
  {
    "model": "app1.option",
    "pk": 270,
    "fields": {
      "question": 68,
      "text": "12",
      "is_correct": true
    }
  },
  {
    "model": "app1.option",
    "pk": 271,
    "fields": {
      "question": 68,
      "text": "18",
      "is_correct": false
    }
  },
  {
    "model": "app1.option",
    "pk": 272,
    "fields": {
      "question": 68,
      "text": "24",
      "is_correct": false
    }
  },
  {
    "model": "app1.option",
    "pk": 273,
    "fields": {
      "question": 69,
      "text": "26%",
      "is_correct": true
    }
  },
  {
    "model": "app1.option",
    "pk": 274,
    "fields": {
      "question": 69,
      "text": "30%",
      "is_correct": false
    }
  },
  {
    "model": "app1.option",
    "pk": 275,
    "fields": {
      "question": 69,
      "text": "36%",
      "is_correct": false
    }
  },
  {
    "model": "app1.option",
    "pk": 276,
    "fields": {
      "question": 69,
      "text": "40%",
      "is_correct": false
    }
  },
  {
    "model": "app1.option",
    "pk": 277,
    "fields": {
      "question": 70,
      "text": "7.2 h",
      "is_correct": true
    }
  },
  {
    "model": "app1.option",
    "pk": 278,
    "fields": {
      "question": 70,
      "text": "8 h",
      "is_correct": false
    }
  },
  {
    "model": "app1.option",
    "pk": 279,
    "fields": {
      "question": 70,
      "text": "9 h",
      "is_correct": false
    }
  },
  {
    "model": "app1.option",
    "pk": 280,
    "fields": {
      "question": 70,
      "text": "10 h",
      "is_correct": false
    }
  },
  {
    "model": "app1.option",
    "pk": 281,
    "fields": {
      "question": 71,
      "text": "23",
      "is_correct": true
    }
  },
  {
    "model": "app1.option",
    "pk": 282,
    "fields": {
      "question": 71,
      "text": "25",
      "is_correct": false
    }
  },
  {
    "model": "app1.option",
    "pk": 283,
    "fields": {
      "question": 71,
      "text": "27",
      "is_correct": false
    }
  },
  {
    "model": "app1.option",
    "pk": 284,
    "fields": {
      "question": 71,
      "text": "29",
      "is_correct": false
    }
  },
  {
    "model": "app1.option",
    "pk": 285,
    "fields": {
      "question": 72,
      "text": "\u20b91000",
      "is_correct": false
    }
  },
  {
    "model": "app1.option",
    "pk": 286,
    "fields": {
      "question": 72,
      "text": "\u20b91200",
      "is_correct": true
    }
  },
  {
    "model": "app1.option",
    "pk": 287,
    "fields": {
      "question": 72,
      "text": "\u20b91400",
      "is_correct": false
    }
  },
  {
    "model": "app1.option",
    "pk": 288,
    "fields": {
      "question": 72,
      "text": "\u20b91600",
      "is_correct": false
    }
  },
  {
    "model": "app1.option",
    "pk": 289,
    "fields": {
      "question": 73,
      "text": "6",
      "is_correct": false
    }
  },
  {
    "model": "app1.option",
    "pk": 290,
    "fields": {
      "question": 73,
      "text": "12",
      "is_correct": true
    }
  },
  {
    "model": "app1.option",
    "pk": 291,
    "fields": {
      "question": 73,
      "text": "18",
      "is_correct": false
    }
  },
  {
    "model": "app1.option",
    "pk": 292,
    "fields": {
      "question": 73,
      "text": "24",
      "is_correct": false
    }
  },
  {
    "model": "app1.option",
    "pk": 293,
    "fields": {
      "question": 74,
      "text": "26%",
      "is_correct": true
    }
  },
  {
    "model": "app1.option",
    "pk": 294,
    "fields": {
      "question": 74,
      "text": "30%",
      "is_correct": false
    }
  },
  {
    "model": "app1.option",
    "pk": 295,
    "fields": {
      "question": 74,
      "text": "36%",
      "is_correct": false
    }
  },
  {
    "model": "app1.option",
    "pk": 296,
    "fields": {
      "question": 74,
      "text": "40%",
      "is_correct": false
    }
  },
  {
    "model": "app1.option",
    "pk": 297,
    "fields": {
      "question": 75,
      "text": "7.2 h",
      "is_correct": true
    }
  },
  {
    "model": "app1.option",
    "pk": 298,
    "fields": {
      "question": 75,
      "text": "8 h",
      "is_correct": false
    }
  },
  {
    "model": "app1.option",
    "pk": 299,
    "fields": {
      "question": 75,
      "text": "9 h",
      "is_correct": false
    }
  },
  {
    "model": "app1.option",
    "pk": 300,
    "fields": {
      "question": 75,
      "text": "10 h",
      "is_correct": false
    }
  },
  {
    "model": "app1.option",
    "pk": 301,
    "fields": {
      "question": 76,
      "text": "23",
      "is_correct": true
    }
  },
  {
    "model": "app1.option",
    "pk": 302,
    "fields": {
      "question": 76,
      "text": "25",
      "is_correct": false
    }
  },
  {
    "model": "app1.option",
    "pk": 303,
    "fields": {
      "question": 76,
      "text": "27",
      "is_correct": false
    }
  },
  {
    "model": "app1.option",
    "pk": 304,
    "fields": {
      "question": 76,
      "text": "29",
      "is_correct": false
    }
  },
  {
    "model": "app1.option",
    "pk": 305,
    "fields": {
      "question": 77,
      "text": "\u20b91000",
      "is_correct": false
    }
  },
  {
    "model": "app1.option",
    "pk": 306,
    "fields": {
      "question": 77,
      "text": "\u20b91200",
      "is_correct": true
    }
  },
  {
    "model": "app1.option",
    "pk": 307,
    "fields": {
      "question": 77,
      "text": "\u20b91400",
      "is_correct": false
    }
  },
  {
    "model": "app1.option",
    "pk": 308,
    "fields": {
      "question": 77,
      "text": "\u20b91600",
      "is_correct": false
    }
  },
  {
    "model": "app1.option",
    "pk": 309,
    "fields": {
      "question": 78,
      "text": "6",
      "is_correct": false
    }
  },
  {
    "model": "app1.option",
    "pk": 310,
    "fields": {
      "question": 78,
      "text": "12",
      "is_correct": true
    }
  },
  {
    "model": "app1.option",
    "pk": 311,
    "fields": {
      "question": 78,
      "text": "18",
      "is_correct": false
    }
  },
  {
    "model": "app1.option",
    "pk": 312,
    "fields": {
      "question": 78,
      "text": "24",
      "is_correct": false
    }
  },
  {
    "model": "app1.option",
    "pk": 313,
    "fields": {
      "question": 79,
      "text": "26%",
      "is_correct": true
    }
  },
  {
    "model": "app1.option",
    "pk": 314,
    "fields": {
      "question": 79,
      "text": "30%",
      "is_correct": false
    }
  },
  {
    "model": "app1.option",
    "pk": 315,
    "fields": {
      "question": 79,
      "text": "36%",
      "is_correct": false
    }
  },
  {
    "model": "app1.option",
    "pk": 316,
    "fields": {
      "question": 79,
      "text": "40%",
      "is_correct": false
    }
  },
  {
    "model": "app1.option",
    "pk": 317,
    "fields": {
      "question": 80,
      "text": "7.2 h",
      "is_correct": true
    }
  },
  {
    "model": "app1.option",
    "pk": 318,
    "fields": {
      "question": 80,
      "text": "8 h",
      "is_correct": false
    }
  },
  {
    "model": "app1.option",
    "pk": 319,
    "fields": {
      "question": 80,
      "text": "9 h",
      "is_correct": false
    }
  },
  {
    "model": "app1.option",
    "pk": 320,
    "fields": {
      "question": 80,
      "text": "10 h",
      "is_correct": false
    }
  },
  {
    "model": "app1.option",
    "pk": 321,
    "fields": {
      "question": 81,
      "text": "23",
      "is_correct": true
    }
  },
  {
    "model": "app1.option",
    "pk": 322,
    "fields": {
      "question": 81,
      "text": "25",
      "is_correct": false
    }
  },
  {
    "model": "app1.option",
    "pk": 323,
    "fields": {
      "question": 81,
      "text": "27",
      "is_correct": false
    }
  },
  {
    "model": "app1.option",
    "pk": 324,
    "fields": {
      "question": 81,
      "text": "29",
      "is_correct": false
    }
  },
  {
    "model": "app1.option",
    "pk": 325,
    "fields": {
      "question": 82,
      "text": "\u20b91000",
      "is_correct": false
    }
  },
  {
    "model": "app1.option",
    "pk": 326,
    "fields": {
      "question": 82,
      "text": "\u20b91200",
      "is_correct": true
    }
  },
  {
    "model": "app1.option",
    "pk": 327,
    "fields": {
      "question": 82,
      "text": "\u20b91400",
      "is_correct": false
    }
  },
  {
    "model": "app1.option",
    "pk": 328,
    "fields": {
      "question": 82,
      "text": "\u20b91600",
      "is_correct": false
    }
  },
  {
    "model": "app1.option",
    "pk": 329,
    "fields": {
      "question": 83,
      "text": "6",
      "is_correct": false
    }
  },
  {
    "model": "app1.option",
    "pk": 330,
    "fields": {
      "question": 83,
      "text": "12",
      "is_correct": true
    }
  },
  {
    "model": "app1.option",
    "pk": 331,
    "fields": {
      "question": 83,
      "text": "18",
      "is_correct": false
    }
  },
  {
    "model": "app1.option",
    "pk": 332,
    "fields": {
      "question": 83,
      "text": "24",
      "is_correct": false
    }
  },
  {
    "model": "app1.option",
    "pk": 333,
    "fields": {
      "question": 84,
      "text": "26%",
      "is_correct": true
    }
  },
  {
    "model": "app1.option",
    "pk": 334,
    "fields": {
      "question": 84,
      "text": "30%",
      "is_correct": false
    }
  },
  {
    "model": "app1.option",
    "pk": 335,
    "fields": {
      "question": 84,
      "text": "36%",
      "is_correct": false
    }
  },
  {
    "model": "app1.option",
    "pk": 336,
    "fields": {
      "question": 84,
      "text": "40%",
      "is_correct": false
    }
  },
  {
    "model": "app1.option",
    "pk": 337,
    "fields": {
      "question": 85,
      "text": "7.2 h",
      "is_correct": true
    }
  },
  {
    "model": "app1.option",
    "pk": 338,
    "fields": {
      "question": 85,
      "text": "8 h",
      "is_correct": false
    }
  },
  {
    "model": "app1.option",
    "pk": 339,
    "fields": {
      "question": 85,
      "text": "9 h",
      "is_correct": false
    }
  },
  {
    "model": "app1.option",
    "pk": 340,
    "fields": {
      "question": 85,
      "text": "10 h",
      "is_correct": false
    }
  },
  {
    "model": "app1.option",
    "pk": 341,
    "fields": {
      "question": 86,
      "text": "23",
      "is_correct": true
    }
  },
  {
    "model": "app1.option",
    "pk": 342,
    "fields": {
      "question": 86,
      "text": "25",
      "is_correct": false
    }
  },
  {
    "model": "app1.option",
    "pk": 343,
    "fields": {
      "question": 86,
      "text": "27",
      "is_correct": false
    }
  },
  {
    "model": "app1.option",
    "pk": 344,
    "fields": {
      "question": 86,
      "text": "29",
      "is_correct": false
    }
  },
  {
    "model": "app1.option",
    "pk": 345,
    "fields": {
      "question": 87,
      "text": "\u20b91000",
      "is_correct": false
    }
  },
  {
    "model": "app1.option",
    "pk": 346,
    "fields": {
      "question": 87,
      "text": "\u20b91200",
      "is_correct": true
    }
  },
  {
    "model": "app1.option",
    "pk": 347,
    "fields": {
      "question": 87,
      "text": "\u20b91400",
      "is_correct": false
    }
  },
  {
    "model": "app1.option",
    "pk": 348,
    "fields": {
      "question": 87,
      "text": "\u20b91600",
      "is_correct": false
    }
  },
  {
    "model": "app1.option",
    "pk": 349,
    "fields": {
      "question": 88,
      "text": "6",
      "is_correct": false
    }
  },
  {
    "model": "app1.option",
    "pk": 350,
    "fields": {
      "question": 88,
      "text": "12",
      "is_correct": true
    }
  },
  {
    "model": "app1.option",
    "pk": 351,
    "fields": {
      "question": 88,
      "text": "18",
      "is_correct": false
    }
  },
  {
    "model": "app1.option",
    "pk": 352,
    "fields": {
      "question": 88,
      "text": "24",
      "is_correct": false
    }
  },
  {
    "model": "app1.option",
    "pk": 353,
    "fields": {
      "question": 89,
      "text": "26%",
      "is_correct": true
    }
  },
  {
    "model": "app1.option",
    "pk": 354,
    "fields": {
      "question": 89,
      "text": "30%",
      "is_correct": false
    }
  },
  {
    "model": "app1.option",
    "pk": 355,
    "fields": {
      "question": 89,
      "text": "36%",
      "is_correct": false
    }
  },
  {
    "model": "app1.option",
    "pk": 356,
    "fields": {
      "question": 89,
      "text": "40%",
      "is_correct": false
    }
  },
  {
    "model": "app1.option",
    "pk": 357,
    "fields": {
      "question": 90,
      "text": "7.2 h",
      "is_correct": true
    }
  },
  {
    "model": "app1.option",
    "pk": 358,
    "fields": {
      "question": 90,
      "text": "8 h",
      "is_correct": false
    }
  },
  {
    "model": "app1.option",
    "pk": 359,
    "fields": {
      "question": 90,
      "text": "9 h",
      "is_correct": false
    }
  },
  {
    "model": "app1.option",
    "pk": 360,
    "fields": {
      "question": 90,
      "text": "10 h",
      "is_correct": false
    }
  },
  {
    "model": "app1.option",
    "pk": 361,
    "fields": {
      "question": 91,
      "text": "23",
      "is_correct": true
    }
  },
  {
    "model": "app1.option",
    "pk": 362,
    "fields": {
      "question": 91,
      "text": "25",
      "is_correct": false
    }
  },
  {
    "model": "app1.option",
    "pk": 363,
    "fields": {
      "question": 91,
      "text": "27",
      "is_correct": false
    }
  },
  {
    "model": "app1.option",
    "pk": 364,
    "fields": {
      "question": 91,
      "text": "29",
      "is_correct": false
    }
  },
  {
    "model": "app1.option",
    "pk": 365,
    "fields": {
      "question": 92,
      "text": "\u20b91000",
      "is_correct": false
    }
  },
  {
    "model": "app1.option",
    "pk": 366,
    "fields": {
      "question": 92,
      "text": "\u20b91200",
      "is_correct": true
    }
  },
  {
    "model": "app1.option",
    "pk": 367,
    "fields": {
      "question": 92,
      "text": "\u20b91400",
      "is_correct": false
    }
  },
  {
    "model": "app1.option",
    "pk": 368,
    "fields": {
      "question": 92,
      "text": "\u20b91600",
      "is_correct": false
    }
  },
  {
    "model": "app1.option",
    "pk": 369,
    "fields": {
      "question": 93,
      "text": "6",
      "is_correct": false
    }
  },
  {
    "model": "app1.option",
    "pk": 370,
    "fields": {
      "question": 93,
      "text": "12",
      "is_correct": true
    }
  },
  {
    "model": "app1.option",
    "pk": 371,
    "fields": {
      "question": 93,
      "text": "18",
      "is_correct": false
    }
  },
  {
    "model": "app1.option",
    "pk": 372,
    "fields": {
      "question": 93,
      "text": "24",
      "is_correct": false
    }
  },
  {
    "model": "app1.option",
    "pk": 373,
    "fields": {
      "question": 94,
      "text": "26%",
      "is_correct": true
    }
  },
  {
    "model": "app1.option",
    "pk": 374,
    "fields": {
      "question": 94,
      "text": "30%",
      "is_correct": false
    }
  },
  {
    "model": "app1.option",
    "pk": 375,
    "fields": {
      "question": 94,
      "text": "36%",
      "is_correct": false
    }
  },
  {
    "model": "app1.option",
    "pk": 376,
    "fields": {
      "question": 94,
      "text": "40%",
      "is_correct": false
    }
  },
  {
    "model": "app1.option",
    "pk": 377,
    "fields": {
      "question": 95,
      "text": "7.2 h",
      "is_correct": true
    }
  },
  {
    "model": "app1.option",
    "pk": 378,
    "fields": {
      "question": 95,
      "text": "8 h",
      "is_correct": false
    }
  },
  {
    "model": "app1.option",
    "pk": 379,
    "fields": {
      "question": 95,
      "text": "9 h",
      "is_correct": false
    }
  },
  {
    "model": "app1.option",
    "pk": 380,
    "fields": {
      "question": 95,
      "text": "10 h",
      "is_correct": false
    }
  },
  {
    "model": "app1.option",
    "pk": 381,
    "fields": {
      "question": 96,
      "text": "23",
      "is_correct": true
    }
  },
  {
    "model": "app1.option",
    "pk": 382,
    "fields": {
      "question": 96,
      "text": "25",
      "is_correct": false
    }
  },
  {
    "model": "app1.option",
    "pk": 383,
    "fields": {
      "question": 96,
      "text": "27",
      "is_correct": false
    }
  },
  {
    "model": "app1.option",
    "pk": 384,
    "fields": {
      "question": 96,
      "text": "29",
      "is_correct": false
    }
  },
  {
    "model": "app1.option",
    "pk": 385,
    "fields": {
      "question": 97,
      "text": "\u20b91000",
      "is_correct": false
    }
  },
  {
    "model": "app1.option",
    "pk": 386,
    "fields": {
      "question": 97,
      "text": "\u20b91200",
      "is_correct": true
    }
  },
  {
    "model": "app1.option",
    "pk": 387,
    "fields": {
      "question": 97,
      "text": "\u20b91400",
      "is_correct": false
    }
  },
  {
    "model": "app1.option",
    "pk": 388,
    "fields": {
      "question": 97,
      "text": "\u20b91600",
      "is_correct": false
    }
  },
  {
    "model": "app1.option",
    "pk": 389,
    "fields": {
      "question": 98,
      "text": "6",
      "is_correct": false
    }
  },
  {
    "model": "app1.option",
    "pk": 390,
    "fields": {
      "question": 98,
      "text": "12",
      "is_correct": true
    }
  },
  {
    "model": "app1.option",
    "pk": 391,
    "fields": {
      "question": 98,
      "text": "18",
      "is_correct": false
    }
  },
  {
    "model": "app1.option",
    "pk": 392,
    "fields": {
      "question": 98,
      "text": "24",
      "is_correct": false
    }
  },
  {
    "model": "app1.option",
    "pk": 393,
    "fields": {
      "question": 99,
      "text": "26%",
      "is_correct": true
    }
  },
  {
    "model": "app1.option",
    "pk": 394,
    "fields": {
      "question": 99,
      "text": "30%",
      "is_correct": false
    }
  },
  {
    "model": "app1.option",
    "pk": 395,
    "fields": {
      "question": 99,
      "text": "36%",
      "is_correct": false
    }
  },
  {
    "model": "app1.option",
    "pk": 396,
    "fields": {
      "question": 99,
      "text": "40%",
      "is_correct": false
    }
  },
  {
    "model": "app1.option",
    "pk": 397,
    "fields": {
      "question": 100,
      "text": "7.2 h",
      "is_correct": true
    }
  },
  {
    "model": "app1.option",
    "pk": 398,
    "fields": {
      "question": 100,
      "text": "8 h",
      "is_correct": false
    }
  },
  {
    "model": "app1.option",
    "pk": 399,
    "fields": {
      "question": 100,
      "text": "9 h",
      "is_correct": false
    }
  },
  {
    "model": "app1.option",
    "pk": 400,
    "fields": {
      "question": 100,
      "text": "10 h",
      "is_correct": false
    }
  },
  {
    "model": "app1.option",
    "pk": 401,
    "fields": {
      "question": 101,
      "text": "23",
      "is_correct": true
    }
  },
  {
    "model": "app1.option",
    "pk": 402,
    "fields": {
      "question": 101,
      "text": "25",
      "is_correct": false
    }
  },
  {
    "model": "app1.option",
    "pk": 403,
    "fields": {
      "question": 101,
      "text": "27",
      "is_correct": false
    }
  },
  {
    "model": "app1.option",
    "pk": 404,
    "fields": {
      "question": 101,
      "text": "29",
      "is_correct": false
    }
  },
  {
    "model": "app1.option",
    "pk": 405,
    "fields": {
      "question": 102,
      "text": "\u20b91000",
      "is_correct": false
    }
  },
  {
    "model": "app1.option",
    "pk": 406,
    "fields": {
      "question": 102,
      "text": "\u20b91200",
      "is_correct": true
    }
  },
  {
    "model": "app1.option",
    "pk": 407,
    "fields": {
      "question": 102,
      "text": "\u20b91400",
      "is_correct": false
    }
  },
  {
    "model": "app1.option",
    "pk": 408,
    "fields": {
      "question": 102,
      "text": "\u20b91600",
      "is_correct": false
    }
  },
  {
    "model": "app1.option",
    "pk": 409,
    "fields": {
      "question": 103,
      "text": "6",
      "is_correct": false
    }
  },
  {
    "model": "app1.option",
    "pk": 410,
    "fields": {
      "question": 103,
      "text": "12",
      "is_correct": true
    }
  },
  {
    "model": "app1.option",
    "pk": 411,
    "fields": {
      "question": 103,
      "text": "18",
      "is_correct": false
    }
  },
  {
    "model": "app1.option",
    "pk": 412,
    "fields": {
      "question": 103,
      "text": "24",
      "is_correct": false
    }
  },
  {
    "model": "app1.option",
    "pk": 413,
    "fields": {
      "question": 104,
      "text": "SBJO",
      "is_correct": true
    }
  },
  {
    "model": "app1.option",
    "pk": 414,
    "fields": {
      "question": 104,
      "text": "QZHM",
      "is_correct": false
    }
  },
  {
    "model": "app1.option",
    "pk": 415,
    "fields": {
      "question": 104,
      "text": "SBKO",
      "is_correct": false
    }
  },
  {
    "model": "app1.option",
    "pk": 416,
    "fields": {
      "question": 104,
      "text": "TCKP",
      "is_correct": false
    }
  },
  {
    "model": "app1.option",
    "pk": 417,
    "fields": {
      "question": 105,
      "text": "Square",
      "is_correct": false
    }
  },
  {
    "model": "app1.option",
    "pk": 418,
    "fields": {
      "question": 105,
      "text": "Triangle",
      "is_correct": false
    }
  },
  {
    "model": "app1.option",
    "pk": 419,
    "fields": {
      "question": 105,
      "text": "Circle",
      "is_correct": true
    }
  },
  {
    "model": "app1.option",
    "pk": 420,
    "fields": {
      "question": 105,
      "text": "Rectangle",
      "is_correct": false
    }
  },
  {
    "model": "app1.option",
    "pk": 421,
    "fields": {
      "question": 106,
      "text": "A",
      "is_correct": false
    }
  },
  {
    "model": "app1.option",
    "pk": 422,
    "fields": {
      "question": 106,
      "text": "B",
      "is_correct": false
    }
  },
  {
    "model": "app1.option",
    "pk": 423,
    "fields": {
      "question": 106,
      "text": "C",
      "is_correct": true
    }
  },
  {
    "model": "app1.option",
    "pk": 424,
    "fields": {
      "question": 106,
      "text": "Cannot say",
      "is_correct": false
    }
  },
  {
    "model": "app1.option",
    "pk": 425,
    "fields": {
      "question": 107,
      "text": "162",
      "is_correct": false
    }
  },
  {
    "model": "app1.option",
    "pk": 426,
    "fields": {
      "question": 107,
      "text": "243",
      "is_correct": true
    }
  },
  {
    "model": "app1.option",
    "pk": 427,
    "fields": {
      "question": 107,
      "text": "324",
      "is_correct": false
    }
  },
  {
    "model": "app1.option",
    "pk": 428,
    "fields": {
      "question": 107,
      "text": "108",
      "is_correct": false
    }
  },
  {
    "model": "app1.option",
    "pk": 429,
    "fields": {
      "question": 108,
      "text": "North",
      "is_correct": true
    }
  },
  {
    "model": "app1.option",
    "pk": 430,
    "fields": {
      "question": 108,
      "text": "East",
      "is_correct": false
    }
  },
  {
    "model": "app1.option",
    "pk": 431,
    "fields": {
      "question": 108,
      "text": "West",
      "is_correct": false
    }
  },
  {
    "model": "app1.option",
    "pk": 432,
    "fields": {
      "question": 108,
      "text": "North-West",
      "is_correct": false
    }
  },
  {
    "model": "app1.option",
    "pk": 433,
    "fields": {
      "question": 109,
      "text": "Data Link",
      "is_correct": false
    }
  },
  {
    "model": "app1.option",
    "pk": 434,
    "fields": {
      "question": 109,
      "text": "Network",
      "is_correct": true
    }
  },
  {
    "model": "app1.option",
    "pk": 435,
    "fields": {
      "question": 109,
      "text": "Transport",
      "is_correct": false
    }
  },
  {
    "model": "app1.option",
    "pk": 436,
    "fields": {
      "question": 109,
      "text": "Session",
      "is_correct": false
    }
  },
  {
    "model": "app1.option",
    "pk": 437,
    "fields": {
      "question": 110,
      "text": "Nullable",
      "is_correct": false
    }
  },
  {
    "model": "app1.option",
    "pk": 438,
    "fields": {
      "question": 110,
      "text": "Unique & Not Null",
      "is_correct": true
    }
  },
  {
    "model": "app1.option",
    "pk": 439,
    "fields": {
      "question": 110,
      "text": "Duplicate allowed",
      "is_correct": false
    }
  },
  {
    "model": "app1.option",
    "pk": 440,
    "fields": {
      "question": 110,
      "text": "Optional",
      "is_correct": false
    }
  },
  {
    "model": "app1.option",
    "pk": 441,
    "fields": {
      "question": 111,
      "text": "Waiting for CPU only",
      "is_correct": false
    }
  },
  {
    "model": "app1.option",
    "pk": 442,
    "fields": {
      "question": 111,
      "text": "Waiting for each other's resources",
      "is_correct": true
    }
  },
  {
    "model": "app1.option",
    "pk": 443,
    "fields": {
      "question": 111,
      "text": "Terminated",
      "is_correct": false
    }
  },
  {
    "model": "app1.option",
    "pk": 444,
    "fields": {
      "question": 111,
      "text": "In ready queue",
      "is_correct": false
    }
  },
  {
    "model": "app1.option",
    "pk": 445,
    "fields": {
      "question": 112,
      "text": "OK",
      "is_correct": false
    }
  },
  {
    "model": "app1.option",
    "pk": 446,
    "fields": {
      "question": 112,
      "text": "Forbidden",
      "is_correct": false
    }
  },
  {
    "model": "app1.option",
    "pk": 447,
    "fields": {
      "question": 112,
      "text": "Not Found",
      "is_correct": true
    }
  },
  {
    "model": "app1.option",
    "pk": 448,
    "fields": {
      "question": 112,
      "text": "Server Error",
      "is_correct": false
    }
  },
  {
    "model": "app1.option",
    "pk": 449,
    "fields": {
      "question": 113,
      "text": "Inheritance",
      "is_correct": false
    }
  },
  {
    "model": "app1.option",
    "pk": 450,
    "fields": {
      "question": 113,
      "text": "Polymorphism",
      "is_correct": false
    }
  },
  {
    "model": "app1.option",
    "pk": 451,
    "fields": {
      "question": 113,
      "text": "Encapsulation",
      "is_correct": true
    }
  },
  {
    "model": "app1.option",
    "pk": 452,
    "fields": {
      "question": 113,
      "text": "Abstraction only",
      "is_correct": false
    }
  },
  {
    "model": "app1.option",
    "pk": 453,
    "fields": {
      "question": 114,
      "text": "64",
      "is_correct": false
    }
  },
  {
    "model": "app1.option",
    "pk": 454,
    "fields": {
      "question": 114,
      "text": "512",
      "is_correct": true
    }
  },
  {
    "model": "app1.option",
    "pk": 455,
    "fields": {
      "question": 114,
      "text": "256",
      "is_correct": false
    }
  },
  {
    "model": "app1.option",
    "pk": 456,
    "fields": {
      "question": 114,
      "text": "128",
      "is_correct": false
    }
  },
  {
    "model": "app1.option",
    "pk": 457,
    "fields": {
      "question": 115,
      "text": "Stack",
      "is_correct": false
    }
  },
  {
    "model": "app1.option",
    "pk": 458,
    "fields": {
      "question": 115,
      "text": "Queue",
      "is_correct": true
    }
  },
  {
    "model": "app1.option",
    "pk": 459,
    "fields": {
      "question": 115,
      "text": "Tree",
      "is_correct": false
    }
  },
  {
    "model": "app1.option",
    "pk": 460,
    "fields": {
      "question": 115,
      "text": "Graph",
      "is_correct": false
    }
  },
  {
    "model": "app1.option",
    "pk": 461,
    "fields": {
      "question": 116,
      "text": "O(1)",
      "is_correct": true
    }
  },
  {
    "model": "app1.option",
    "pk": 462,
    "fields": {
      "question": 116,
      "text": "O(log n)",
      "is_correct": false
    }
  },
  {
    "model": "app1.option",
    "pk": 463,
    "fields": {
      "question": 116,
      "text": "O(n)",
      "is_correct": false
    }
  },
  {
    "model": "app1.option",
    "pk": 464,
    "fields": {
      "question": 116,
      "text": "O(n log n)",
      "is_correct": false
    }
  },
  {
    "model": "app1.option",
    "pk": 465,
    "fields": {
      "question": 117,
      "text": "const",
      "is_correct": true
    }
  },
  {
    "model": "app1.option",
    "pk": 466,
    "fields": {
      "question": 117,
      "text": "static",
      "is_correct": false
    }
  },
  {
    "model": "app1.option",
    "pk": 467,
    "fields": {
      "question": 117,
      "text": "final",
      "is_correct": false
    }
  },
  {
    "model": "app1.option",
    "pk": 468,
    "fields": {
      "question": 117,
      "text": "define only",
      "is_correct": false
    }
  },
  {
    "model": "app1.option",
    "pk": 469,
    "fields": {
      "question": 118,
      "text": "012",
      "is_correct": false
    }
  },
  {
    "model": "app1.option",
    "pk": 470,
    "fields": {
      "question": 118,
      "text": "3",
      "is_correct": true
    }
  },
  {
    "model": "app1.option",
    "pk": 471,
    "fields": {
      "question": 118,
      "text": "2",
      "is_correct": false
    }
  },
  {
    "model": "app1.option",
    "pk": 472,
    "fields": {
      "question": 118,
      "text": "123",
      "is_correct": false
    }
  },
  {
    "model": "app1.attempt",
    "pk": 21,
    "fields": {
      "user": 21,
      "quiz": 21,
      "score": 1,
      "total": 5,
      "correct_count": 1,
      "wrong_count": 4,
      "marks_obtained": "0.00",
      "time_spent_seconds": 14,
      "started_at": "2026-07-10T21:38:22.804Z",
      "completed_at": "2026-07-10T21:38:36.804Z"
    }
  },
  {
    "model": "app1.answer",
    "pk": 62,
    "fields": {
      "attempt": 21,
      "question": 95,
      "selected_option": 378,
      "is_correct": false
    }
  },
  {
    "model": "app1.answer",
    "pk": 63,
    "fields": {
      "attempt": 21,
      "question": 97,
      "selected_option": 387,
      "is_correct": false
    }
  },
  {
    "model": "app1.answer",
    "pk": 64,
    "fields": {
      "attempt": 21,
      "question": 98,
      "selected_option": 390,
      "is_correct": true
    }
  },
  {
    "model": "app1.answer",
    "pk": 65,
    "fields": {
      "attempt": 21,
      "question": 96,
      "selected_option": 383,
      "is_correct": false
    }
  },
  {
    "model": "app1.answer",
    "pk": 66,
    "fields": {
      "attempt": 21,
      "question": 94,
      "selected_option": 374,
      "is_correct": false
    }
  }
]